trade_date,code,name,seat_code,seat_name,seat_abbr,act_buy,act_sell,net_amt,reason,change_rate
20260903,600172,黄河旋风,10434470,沪股通专用,沪股通专用,230530855.61,,230530855.61,有价格涨跌幅限制的日换手率达到20%的前五只证券,7.9322
20260903,002536,飞龙股份,10101617,国泰海通证券股份有限公司无锡湖滨路证券营业部,国泰海通证券无锡湖滨路证券营业部,176750378.5,195445.0,176554933.5,连续三个交易日内，涨幅偏离值累计达到20%的证券,8.5414
20260903,002297,博云新材,10634757,深股通专用,深股通专用,319616597.32,149853585.43,169763011.89,连续三个交易日内，涨幅偏离值累计达到20%的证券,10.0
20260903,002297,博云新材,10634757,深股通专用,深股通专用,244334810.15,91946415.76,152388394.39,日涨幅偏离值达到7%的前5只证券,10.0
20260903,002297,博云新材,10634757,深股通专用,深股通专用,244334810.15,91946415.76,152388394.39,日换手率达到20%的前5只证券,10.0
20260903,600172,黄河旋风,10026937,国泰海通证券股份有限公司武汉紫阳东路证券营业部,国泰海通证券武汉紫阳东路证券营业部,145194803.0,,145194803.0,有价格涨跌幅限制的日换手率达到20%的前五只证券,7.9322
20260903,601212,白银有色,10110478,瑞银证券有限责任公司上海花园石桥路证券营业部,瑞银证券上海花园石桥路证券营业部,192892273.89,67378162.86,125514111.03,有价格涨跌幅限制的日收盘价格涨幅偏离值达到7%的前五只证券,10.0601
20260903,600172,黄河旋风,10046745,开源证券股份有限公司西安西大街证券营业部,开源证券西安西大街证券营业部,123193660.0,,123193660.0,有价格涨跌幅限制的日换手率达到20%的前五只证券,7.9322
20260903,003018,金富科技,10026937,国泰海通证券股份有限公司武汉紫阳东路证券营业部,国泰海通证券武汉紫阳东路证券营业部,107562871.1,89922.0,107472949.1,日涨幅偏离值达到7%的前5只证券,10.0
20260903,002708,光洋股份,10485107,国新证券股份有限公司北京分公司,国新证券北京分公司,91990552.0,0.0,91990552.0,连续三个交易日内，涨幅偏离值累计达到20%的证券,10.0282
20260903,002708,光洋股份,10485107,国新证券股份有限公司北京分公司,国新证券北京分公司,91990552.0,0.0,91990552.0,日涨幅偏离值达到7%的前5只证券,10.0282
20260903,300830,金现代,10025054,国泰海通证券股份有限公司南京太平南路证券营业部,国泰海通证券南京太平南路证券营业部,89999773.0,49093.0,89950680.0,日涨幅达到15%的前5只证券,19.9762
20260903,600611,大众交通,10046745,开源证券股份有限公司西安西大街证券营业部,开源证券西安西大街证券营业部,76270413.0,,76270413.0,有价格涨跌幅限制的日收盘价格涨幅偏离值达到7%的前五只证券,10.0427
20260903,600611,大众交通,10026937,国泰海通证券股份有限公司武汉紫阳东路证券营业部,国泰海通证券武汉紫阳东路证券营业部,70909408.85,,70909408.85,有价格涨跌幅限制的日收盘价格涨幅偏离值达到7%的前五只证券,10.0427
20260903,600172,黄河旋风,10025080,国泰海通证券股份有限公司上海长宁区江苏路证券营业部,国泰海通证券上海长宁区江苏路证券营业部,65971616.2,,65971616.2,有价格涨跌幅限制的日换手率达到20%的前五只证券,7.9322
20260903,301489,思泉新材,10634757,深股通专用,深股通专用,177090666.86,114058648.15,63032018.71,日涨幅达到15%的前5只证券,20.0
20260903,002980,华盛昌,10634757,深股通专用,深股通专用,170548621.6,109363922.0,61184699.6,日涨幅偏离值达到7%的前5只证券,10.0041
20260903,002300,太阳电缆,10485107,国新证券股份有限公司北京分公司,国新证券北京分公司,56034652.0,839.0,56033813.0,连续三个交易日内，涨幅偏离值累计达到20%的证券,9.9607
20260903,600892,大晟文化,10086482,东方证券股份有限公司杭州龙井路证券营业部,东方证券杭州龙井路证券营业部,54356637.0,,54356637.0,有价格涨跌幅限制的日换手率达到20%的前五只证券,1.8692
20260903,600892,大晟文化,10000186653,国泰海通证券股份有限公司广州珠江新城证券营业部,国泰海通证券广州珠江新城证券营业部,54147227.0,,54147227.0,有价格涨跌幅限制的日换手率达到20%的前五只证券,1.8692
20260903,600722,金牛化工,10000213448,国信证券股份有限公司浙江互联网分公司,国信证券浙江互联网分公司,52867849.62,,52867849.62,有价格涨跌幅限制的日收盘价格跌幅偏离值达到7%的前五只证券,-10.0208
20260903,002708,光洋股份,10634757,深股通专用,深股通专用,129265270.52,82656069.72,46609200.8,连续三个交易日内，涨幅偏离值累计达到20%的证券,10.0282
20260903,003018,金富科技,10021915,中信建投证券股份有限公司长沙芙蓉中路证券营业部,中信建投证券长沙芙蓉中路证券营业部,46294881.85,344928.0,45949953.85,日涨幅偏离值达到7%的前5只证券,10.0
20260903,301489,思泉新材,10430845,国泰海通证券股份有限公司上海静安区新闸路证券营业部,国泰海通证券上海静安区新闸路证券营业部,45385383.72,251904.0,45133479.72,日涨幅达到15%的前5只证券,20.0
20260903,002104,恒宝股份,10634757,深股通专用,深股通专用,154038676.27,110186427.48,43852248.79,日换手率达到20%的前5只证券,-3.4049
20260903,002536,飞龙股份,10467900,国泰海通证券股份有限公司上海自贸试验区第二分公司,国泰海通证券上海自贸试验区第二分公司,171634065.6,128160474.0,43473591.6,连续三个交易日内，涨幅偏离值累计达到20%的证券,8.5414
20260903,002980,华盛昌,10025080,国泰海通证券股份有限公司上海长宁区江苏路证券营业部,国泰海通证券上海长宁区江苏路证券营业部,44181987.0,1828764.0,42353223.0,日涨幅偏离值达到7%的前5只证券,10.0041
20260903,002297,博云新材,10046745,开源证券股份有限公司西安西大街证券营业部,开源证券西安西大街证券营业部,117875447.0,75896361.0,41979086.0,连续三个交易日内，涨幅偏离值累计达到20%的证券,10.0
20260903,601212,白银有色,10004865,国泰海通证券股份有限公司,国泰海通,107201742.22,65860868.0,41340874.22,有价格涨跌幅限制的日收盘价格涨幅偏离值达到7%的前五只证券,10.0601
20260903,002297,博云新材,10038679,平安证券股份有限公司浙江分公司,平安证券浙江分公司,44418828.0,3709953.0,40708875.0,日涨幅偏离值达到7%的前5只证券,10.0
20260903,002297,博云新材,10038679,平安证券股份有限公司浙江分公司,平安证券浙江分公司,44418828.0,3709953.0,40708875.0,日换手率达到20%的前5只证券,10.0
20260903,601212,白银有色,10000399618,高盛(中国)证券有限责任公司上海浦东新区世纪大道证券营业部,高盛(中国)证券上海浦东新区世纪大道证券营业部,105860023.06,66837016.66,39023006.4,有价格涨跌幅限制的日收盘价格涨幅偏离值达到7%的前五只证券,10.0601
20260903,003040,楚天龙,10634757,深股通专用,深股通专用,96142909.69,57533533.92,38609375.77,日振幅值达到15%的前5只证券,-9.0909
20260903,002059,云南旅游,10147263,中国中金财富证券有限公司深圳宝安中心路证券营业部,中国中金财富证券深圳宝安中心路证券营业部,38480925.0,31720.0,38449205.0,连续三个交易日内，涨幅偏离值累计达到20%的证券,10.0952
20260903,301489,思泉新材,10038679,平安证券股份有限公司浙江分公司,平安证券浙江分公司,39710803.0,2350479.0,37360324.0,日涨幅达到15%的前5只证券,20.0
20260903,600657,信达地产,10485107,国新证券股份有限公司北京分公司,国新证券北京分公司,37173427.2,,37173427.2,有价格涨跌幅限制的日价格振幅达到15%的前五只证券,10.1639
20260903,600657,信达地产,10485107,国新证券股份有限公司北京分公司,国新证券北京分公司,37173427.2,,37173427.2,非S证券连续三个交易日内收盘价格涨幅偏离值累计达到20%的证券,10.1639
20260903,600657,信达地产,10485107,国新证券股份有限公司北京分公司,国新证券北京分公司,37173427.2,,37173427.2,有价格涨跌幅限制的日收盘价格涨幅偏离值达到7%的前五只证券,10.1639
20260903,002708,光洋股份,10046745,开源证券股份有限公司西安西大街证券营业部,开源证券西安西大街证券营业部,37193975.6,78725.0,37115250.6,日涨幅偏离值达到7%的前5只证券,10.0282
20260903,600892,大晟文化,10000883374,国泰海通证券股份有限公司南京胜利路证券营业部,国泰海通证券南京胜利路证券营业部,35569489.02,,35569489.02,有价格涨跌幅限制的日换手率达到20%的前五只证券,1.8692
20260903,603270,金帝股份,10046745,开源证券股份有限公司西安西大街证券营业部,开源证券西安西大街证券营业部,35460601.0,,35460601.0,非S证券连续三个交易日内收盘价格涨幅偏离值累计达到20%的证券,10.0094
20260903,600479,千金药业,10025054,国泰海通证券股份有限公司南京太平南路证券营业部,国泰海通证券南京太平南路证券营业部,34817454.0,,34817454.0,有价格涨跌幅限制的日收盘价格涨幅偏离值达到7%的前五只证券,10.0309
20260903,600479,千金药业,10025054,国泰海通证券股份有限公司南京太平南路证券营业部,国泰海通证券南京太平南路证券营业部,34817454.0,,34817454.0,有价格涨跌幅限制的日价格振幅达到15%的前五只证券,10.0309
20260903,600479,千金药业,10025054,国泰海通证券股份有限公司南京太平南路证券营业部,国泰海通证券南京太平南路证券营业部,34817454.0,,34817454.0,有价格涨跌幅限制的日换手率达到20%的前五只证券,10.0309
20260903,603270,金帝股份,10000055316,华鑫证券有限责任公司上海陆家嘴证券营业部,华鑫证券上海陆家嘴证券营业部,34763344.0,,34763344.0,非S证券连续三个交易日内收盘价格涨幅偏离值累计达到20%的证券,10.0094
20260903,002708,光洋股份,10038679,平安证券股份有限公司浙江分公司,平安证券浙江分公司,71636286.6,37372512.8,34263773.8,连续三个交易日内，涨幅偏离值累计达到20%的证券,10.0282
20260903,000892,欢瑞世纪,10025200,国泰海通证券股份有限公司昆明人民中路证券营业部,国泰海通证券昆明人民中路证券营业部,34556813.0,374282.0,34182531.0,日换手率达到20%的前5只证券,-2.3077
20260903,002328,新朋股份,10038679,平安证券股份有限公司浙江分公司,平安证券浙江分公司,36047239.0,2022816.0,34024423.0,日涨幅偏离值达到7%的前5只证券,10.0218
20260903,002059,云南旅游,10533627,东北证券股份有限公司佛山分公司,东北证券佛山分公司,33790929.0,23100.0,33767829.0,连续三个交易日内，涨幅偏离值累计达到20%的证券,10.0952
20260903,600127,金健米业,10134015,中信证券股份有限公司深圳深南中路中信大厦证券营业部,中信证券深圳深南中路中信大厦证券营业部,33546661.6,,33546661.6,有价格涨跌幅限制的日换手率达到20%的前五只证券,2.1774
20260903,002418,康盛股份,10564259,国泰海通证券股份有限公司成都龙腾东路证券营业部,国泰海通证券成都龙腾东路证券营业部,35233891.0,1742900.0,33490991.0,日换手率达到20%的前5只证券,-2.7539
20260903,002059,云南旅游,10634757,深股通专用,深股通专用,40317213.82,8071313.0,32245900.82,连续三个交易日内，涨幅偏离值累计达到20%的证券,10.0952
20260903,600657,信达地产,10025080,国泰海通证券股份有限公司上海长宁区江苏路证券营业部,国泰海通证券上海长宁区江苏路证券营业部,31583024.0,,31583024.0,非S证券连续三个交易日内收盘价格涨幅偏离值累计达到20%的证券,10.1639
20260903,002059,云南旅游,10046745,开源证券股份有限公司西安西大街证券营业部,开源证券西安西大街证券营业部,31352154.0,14825.0,31337329.0,连续三个交易日内，涨幅偏离值累计达到20%的证券,10.0952
20260903,600722,金牛化工,10342919,东方财富证券股份有限公司昌都两江大道证券营业部,东方财富证券昌都两江大道证券营业部,31183815.22,,31183815.22,有价格涨跌幅限制的日收盘价格跌幅偏离值达到7%的前五只证券,-10.0208
20260903,600227,赤天化,10000399618,高盛(中国)证券有限责任公司上海浦东新区世纪大道证券营业部,高盛(中国)证券上海浦东新区世纪大道证券营业部,30816613.0,,30816613.0,有价格涨跌幅限制的日收盘价格跌幅偏离值达到7%的前五只证券,-9.9796
20260903,002909,集泰股份,10484736,兴业证券股份有限公司深圳分公司,兴业证券深圳分公司,30589688.0,60872.0,30528816.0,连续三个交易日内，涨幅偏离值累计达到20%的证券,10.0275
20260903,000892,欢瑞世纪,10467900,国泰海通证券股份有限公司上海自贸试验区第二分公司,国泰海通证券上海自贸试验区第二分公司,30506768.0,0.0,30506768.0,日换手率达到20%的前5只证券,-2.3077
20260903,600657,信达地产,10025080,国泰海通证券股份有限公司上海长宁区江苏路证券营业部,国泰海通证券上海长宁区江苏路证券营业部,30208947.0,,30208947.0,有价格涨跌幅限制的日价格振幅达到15%的前五只证券,10.1639
20260903,600657,信达地产,10025080,国泰海通证券股份有限公司上海长宁区江苏路证券营业部,国泰海通证券上海长宁区江苏路证券营业部,30208947.0,,30208947.0,有价格涨跌幅限制的日收盘价格涨幅偏离值达到7%的前五只证券,10.1639
20260903,600479,千金药业,10000399618,高盛(中国)证券有限责任公司上海浦东新区世纪大道证券营业部,高盛(中国)证券上海浦东新区世纪大道证券营业部,29658282.0,,29658282.0,有价格涨跌幅限制的日换手率达到20%的前五只证券,10.0309
20260903,600479,千金药业,10000399618,高盛(中国)证券有限责任公司上海浦东新区世纪大道证券营业部,高盛(中国)证券上海浦东新区世纪大道证券营业部,29658282.0,,29658282.0,有价格涨跌幅限制的日收盘价格涨幅偏离值达到7%的前五只证券,10.0309
20260903,600479,千金药业,10000399618,高盛(中国)证券有限责任公司上海浦东新区世纪大道证券营业部,高盛(中国)证券上海浦东新区世纪大道证券营业部,29658282.0,,29658282.0,有价格涨跌幅限制的日价格振幅达到15%的前五只证券,10.0309
20260903,300189,神农种业,10634757,深股通专用,深股通专用,78089177.89,48524566.5,29564611.39,日换手率达到30%的前5只证券,5.0822
20260903,600722,金牛化工,10281327,东方财富证券股份有限公司山南香曲东路证券营业部,东方财富证券山南香曲东路证券营业部,28858017.24,,28858017.24,有价格涨跌幅限制的日收盘价格跌幅偏离值达到7%的前五只证券,-10.0208
20260903,301086,鸿富瀚,10045169,国信证券股份有限公司上海分公司,国信证券上海分公司,31232993.6,2450977.0,28782016.6,日涨幅达到15%的前5只证券,15.1659
20260903,601212,白银有色,10434470,沪股通专用,沪股通专用,196161216.85,168043290.65,28117926.2,有价格涨跌幅限制的日收盘价格涨幅偏离值达到7%的前五只证券,10.0601
20260903,002328,新朋股份,10634757,深股通专用,深股通专用,65507975.25,38225045.13,27282930.12,日涨幅偏离值达到7%的前5只证券,10.0218
20260903,002909,集泰股份,10000526027,东亚前海证券有限责任公司苏州分公司,东亚前海证券苏州分公司,28214575.0,1259172.0,26955403.0,连续三个交易日内，涨幅偏离值累计达到20%的证券,10.0275
20260903,002328,新朋股份,10076767,江海证券有限公司北京东三环北路证券营业部,江海证券北京东三环北路证券营业部,31873881.36,5204951.0,26668930.36,日涨幅偏离值达到7%的前5只证券,10.0218
20260903,600479,千金药业,10919501,国新证券股份有限公司北京中关村大街证券营业部,国新证券北京中关村大街证券营业部,26051600.0,,26051600.0,有价格涨跌幅限制的日换手率达到20%的前五只证券,10.0309
20260903,600479,千金药业,10919501,国新证券股份有限公司北京中关村大街证券营业部,国新证券北京中关村大街证券营业部,26051600.0,,26051600.0,有价格涨跌幅限制的日收盘价格涨幅偏离值达到7%的前五只证券,10.0309
20260903,600479,千金药业,10919501,国新证券股份有限公司北京中关村大街证券营业部,国新证券北京中关村大街证券营业部,26051600.0,,26051600.0,有价格涨跌幅限制的日价格振幅达到15%的前五只证券,10.0309
20260903,600657,信达地产,10919501,国新证券股份有限公司北京中关村大街证券营业部,国新证券北京中关村大街证券营业部,25523964.0,,25523964.0,非S证券连续三个交易日内收盘价格涨幅偏离值累计达到20%的证券,10.1639
20260903,600657,信达地产,10919501,国新证券股份有限公司北京中关村大街证券营业部,国新证券北京中关村大街证券营业部,25473504.0,,25473504.0,有价格涨跌幅限制的日价格振幅达到15%的前五只证券,10.1639
20260903,600657,信达地产,10919501,国新证券股份有限公司北京中关村大街证券营业部,国新证券北京中关村大街证券营业部,25473504.0,,25473504.0,有价格涨跌幅限制的日收盘价格涨幅偏离值达到7%的前五只证券,10.1639
20260903,002300,太阳电缆,10919501,国新证券股份有限公司北京中关村大街证券营业部,国新证券北京中关村大街证券营业部,25465328.0,0.0,25465328.0,连续三个交易日内，涨幅偏离值累计达到20%的证券,9.9607
20260903,301489,思泉新材,10088113,中国国际金融股份有限公司上海分公司,中国国际金融上海分公司,40434824.42,16062599.0,24372225.42,日涨幅达到15%的前5只证券,20.0
20260903,002536,飞龙股份,10634757,深股通专用,深股通专用,384582781.08,360926969.44,23655811.64,连续三个交易日内，涨幅偏离值累计达到20%的证券,8.5414
20260903,003018,金富科技,10026897,国泰海通证券股份有限公司成都天府大道证券营业部,国泰海通证券成都天府大道证券营业部,23550170.0,50445.0,23499725.0,日涨幅偏离值达到7%的前5只证券,10.0
20260903,300830,金现代,10046745,开源证券股份有限公司西安西大街证券营业部,开源证券西安西大街证券营业部,23328791.0,106490.0,23222301.0,日涨幅达到15%的前5只证券,19.9762
20260903,002909,集泰股份,10000186653,国泰海通证券股份有限公司广州珠江新城证券营业部,国泰海通证券广州珠江新城证券营业部,23427981.0,249111.0,23178870.0,连续三个交易日内，涨幅偏离值累计达到20%的证券,10.0275
20260903,600479,千金药业,10472052,长江证券股份有限公司江阴虹桥南路证券营业部,长江证券江阴虹桥南路证券营业部,23068749.8,,23068749.8,有价格涨跌幅限制的日换手率达到20%的前五只证券,10.0309
20260903,600479,千金药业,10472052,长江证券股份有限公司江阴虹桥南路证券营业部,长江证券江阴虹桥南路证券营业部,23068749.8,,23068749.8,有价格涨跌幅限制的日收盘价格涨幅偏离值达到7%的前五只证券,10.0309
20260903,600479,千金药业,10472052,长江证券股份有限公司江阴虹桥南路证券营业部,长江证券江阴虹桥南路证券营业部,23068749.8,,23068749.8,有价格涨跌幅限制的日价格振幅达到15%的前五只证券,10.0309
20260903,002300,太阳电缆,10000001610,平安证券股份有限公司绍兴解放大道证券营业部,平安证券绍兴解放大道证券营业部,20741327.0,2517.0,20738810.0,连续三个交易日内，涨幅偏离值累计达到20%的证券,9.9607
20260903,603270,金帝股份,10110478,瑞银证券有限责任公司上海花园石桥路证券营业部,瑞银证券上海花园石桥路证券营业部,18865346.36,,18865346.36,非S证券连续三个交易日内收盘价格涨幅偏离值累计达到20%的证券,10.0094
20260903,002300,太阳电缆,10993985,华鑫证券有限责任公司南京清凉门大街证券营业部,华鑫证券南京清凉门大街证券营业部,18862398.0,0.0,18862398.0,连续三个交易日内，涨幅偏离值累计达到20%的证券,9.9607
20260903,301591,肯特股份,10088113,中国国际金融股份有限公司上海分公司,中国国际金融上海分公司,19775093.41,1135822.0,18639271.41,日换手率达到30%的前5只证券,-13.9616
20260903,300830,金现代,10025080,国泰海通证券股份有限公司上海长宁区江苏路证券营业部,国泰海通证券上海长宁区江苏路证券营业部,18987210.0,383359.87,18603850.13,日涨幅达到15%的前5只证券,19.9762
20260903,600721,百花医药,10000213448,国信证券股份有限公司浙江互联网分公司,国信证券浙江互联网分公司,18425984.0,,18425984.0,有价格涨跌幅限制的日换手率达到20%的前五只证券,-8.2426
20260903,600721,百花医药,10484371,东方财富证券股份有限公司拉萨团结路第一证券营业部,东方财富证券拉萨团结路第一证券营业部,17555343.0,,17555343.0,有价格涨跌幅限制的日换手率达到20%的前五只证券,-8.2426
20260903,002201,九鼎新材,10000136805,平安证券股份有限公司杭州曙光路证券营业部,平安证券杭州曙光路证券营业部,20235520.94,2851275.12,17384245.82,连续三个交易日内，涨幅偏离值累计达到20%的证券,7.2668
20260903,920021,流金科技,10678762,东方财富证券股份有限公司拉萨金融城南环路证券营业部,东方财富证券拉萨金融城南环路证券营业部,21479258.06,4135784.95,17343473.11,当日换手率达到20%的前5只股票,-1.7448
20260903,605577,龙版传媒,10708575,东方财富证券股份有限公司拉萨达孜区虎峰大道证券营业部,东方财富证券拉萨达孜区虎峰大道证券营业部,16985990.0,,16985990.0,非S证券连续三个交易日内收盘价格涨幅偏离值累计达到20%的证券,10.0389
20260903,600227,赤天化,10135341,中信证券股份有限公司上海分公司,中信证券上海分公司,16633701.0,,16633701.0,有价格涨跌幅限制的日收盘价格跌幅偏离值达到7%的前五只证券,-9.9796
20260903,600611,大众交通,10000170384,华鑫证券有限责任公司绍兴胜利东路证券营业部,华鑫证券绍兴胜利东路证券营业部,16117076.0,,16117076.0,有价格涨跌幅限制的日收盘价格涨幅偏离值达到7%的前五只证券,10.0427
20260903,001278,一彬科技,10924074,东亚前海证券有限责任公司上海分公司,东亚前海证券上海分公司,16077843.0,0.0,16077843.0,日振幅值达到15%的前5只证券,-3.6224
20260903,600721,百花医药,10281327,东方财富证券股份有限公司山南香曲东路证券营业部,东方财富证券山南香曲东路证券营业部,16068061.67,,16068061.67,有价格涨跌幅限制的日换手率达到20%的前五只证券,-8.2426
20260903,605577,龙版传媒,10708575,东方财富证券股份有限公司拉萨达孜区虎峰大道证券营业部,东方财富证券拉萨达孜区虎峰大道证券营业部,15847587.0,,15847587.0,有价格涨跌幅限制的日收盘价格涨幅偏离值达到7%的前五只证券,10.0389
20260903,002909,集泰股份,10025080,国泰海通证券股份有限公司上海长宁区江苏路证券营业部,国泰海通证券上海长宁区江苏路证券营业部,25495219.0,9786114.0,15709105.0,连续三个交易日内，涨幅偏离值累计达到20%的证券,10.0275
20260903,002059,云南旅游,10101617,国泰海通证券股份有限公司无锡湖滨路证券营业部,国泰海通证券无锡湖滨路证券营业部,15028000.0,17935.0,15010065.0,连续三个交易日内，涨幅偏离值累计达到20%的证券,10.0952
20260903,000892,欢瑞世纪,10425720,中泰证券股份有限公司宁波分公司,中泰证券宁波分公司,15067121.0,626504.0,14440617.0,日换手率达到20%的前5只证券,-2.3077
20260903,002104,恒宝股份,10000213448,国信证券股份有限公司浙江互联网分公司,国信证券浙江互联网分公司,28243405.48,13943169.0,14300236.48,日换手率达到20%的前5只证券,-3.4049
20260903,002418,康盛股份,10081709,招商证券股份有限公司深圳益田路免税商务大厦证券营业部,招商证券深圳益田路免税商务大厦证券营业部,26924684.0,12626406.0,14298278.0,日换手率达到20%的前5只证券,-2.7539
20260903,001278,一彬科技,10031840,中国中金财富证券有限公司广州分公司,中国中金财富证券广州分公司,14949267.0,763437.0,14185830.0,日振幅值达到15%的前5只证券,-3.6224
20260903,605577,龙版传媒,10999156,国泰海通证券股份有限公司成都交子大道证券营业部,国泰海通证券成都交子大道证券营业部,14159796.0,,14159796.0,非S证券连续三个交易日内收盘价格涨幅偏离值累计达到20%的证券,10.0389
20260903,605577,龙版传媒,10999156,国泰海通证券股份有限公司成都交子大道证券营业部,国泰海通证券成都交子大道证券营业部,14159796.0,,14159796.0,有价格涨跌幅限制的日收盘价格涨幅偏离值达到7%的前五只证券,10.0389
20260903,600721,百花医药,10678762,东方财富证券股份有限公司拉萨金融城南环路证券营业部,东方财富证券拉萨金融城南环路证券营业部,13425534.0,,13425534.0,有价格涨跌幅限制的日换手率达到20%的前五只证券,-8.2426
20260903,003005,竞业达,10436667,中国银河证券股份有限公司台州黄岩委羽街证券营业部,中国银河证券台州黄岩委羽街证券营业部,13222247.0,0.0,13222247.0,日振幅值达到15%的前5只证券,2.65
20260903,003005,竞业达,10436667,中国银河证券股份有限公司台州黄岩委羽街证券营业部,中国银河证券台州黄岩委羽街证券营业部,13222247.0,0.0,13222247.0,日换手率达到20%的前5只证券,2.65
20260903,002708,光洋股份,10634757,深股通专用,深股通专用,73590719.0,60395851.72,13194867.28,日涨幅偏离值达到7%的前5只证券,10.0282
20260903,003040,楚天龙,10000213448,国信证券股份有限公司浙江互联网分公司,国信证券浙江互联网分公司,37634275.52,24671327.83,12962947.69,日振幅值达到15%的前5只证券,-9.0909
20260903,600721,百花医药,10342919,东方财富证券股份有限公司昌都两江大道证券营业部,东方财富证券昌都两江大道证券营业部,12646169.0,,12646169.0,有价格涨跌幅限制的日换手率达到20%的前五只证券,-8.2426
20260903,002201,九鼎新材,10000213448,国信证券股份有限公司浙江互联网分公司,国信证券浙江互联网分公司,17659763.34,5074601.0,12585162.34,连续三个交易日内，涨幅偏离值累计达到20%的证券,7.2668
20260903,000635,英力特,10028426,国泰海通证券股份有限公司上海杨浦区周家嘴路证券营业部,国泰海通证券上海杨浦区周家嘴路证券营业部,13413059.44,997045.0,12416014.44,日振幅值达到15%的前5只证券,-6.4232
20260903,920895,花溪科技,10079817,国盛证券股份有限公司南昌北京西路证券营业部,国盛证券南昌北京西路证券营业部,12366701.4,0.0,12366701.4,北交所股票连续3个交易日内日收盘价涨跌幅偏离值累计达到+40%(-40%),7.1429
20260903,920895,花溪科技,10079817,国盛证券股份有限公司南昌北京西路证券营业部,国盛证券南昌北京西路证券营业部,12366701.4,0.0,12366701.4,当日换手率达到20%的前5只股票,7.1429
20260903,600828,茂业商业,10000213448,国信证券股份有限公司浙江互联网分公司,国信证券浙江互联网分公司,11954696.79,,11954696.79,有价格涨跌幅限制的日价格振幅达到15%的前五只证券,6.0291
20260903,600611,大众交通,10004865,国泰海通证券股份有限公司,国泰海通,21902527.01,10066578.0,11835949.01,有价格涨跌幅限制的日收盘价格涨幅偏离值达到7%的前五只证券,10.0427
20260903,003005,竞业达,10634757,深股通专用,深股通专用,42138239.2,30360391.65,11777847.55,日振幅值达到15%的前5只证券,2.65
20260903,003005,竞业达,10634757,深股通专用,深股通专用,42138239.2,30360391.65,11777847.55,日换手率达到20%的前5只证券,2.65
20260903,002886,沃特股份,10708576,东方财富证券股份有限公司拉萨东城区江苏大道证券营业部,东方财富证券拉萨东城区江苏大道证券营业部,14507235.3,2973473.0,11533762.3,日跌幅偏离值达到7%的前5只证券,-9.987
20260903,300830,金现代,10741097,中泰证券股份有限公司常州惠国路证券营业部,中泰证券常州惠国路证券营业部,11248332.0,0.0,11248332.0,日涨幅达到15%的前5只证券,19.9762
20260903,605577,龙版传媒,10000254713,华龙证券股份有限公司湖南分公司,华龙证券湖南分公司,11180498.0,,11180498.0,非S证券连续三个交易日内收盘价格涨幅偏离值累计达到20%的证券,10.0389
20260903,605577,龙版传媒,10000254713,华龙证券股份有限公司湖南分公司,华龙证券湖南分公司,11180498.0,,11180498.0,有价格涨跌幅限制的日收盘价格涨幅偏离值达到7%的前五只证券,10.0389
20260903,002104,恒宝股份,10678762,东方财富证券股份有限公司拉萨金融城南环路证券营业部,东方财富证券拉萨金融城南环路证券营业部,29623372.2,19128982.61,10494389.59,日换手率达到20%的前5只证券,-3.4049
20260903,000635,英力特,10697104,东方财富证券股份有限公司拉萨江苏东路证券营业部,东方财富证券拉萨江苏东路证券营业部,10511754.0,83857.0,10427897.0,日振幅值达到15%的前5只证券,-6.4232
20260903,000560,我爱我家,10472087,东方财富证券股份有限公司拉萨东环路第二证券营业部,东方财富证券拉萨东环路第二证券营业部,20316661.0,10621034.19,9695626.81,日跌幅偏离值达到7%的前5只证券,-10.0629
20260903,600479,千金药业,10434470,沪股通专用,沪股通专用,56156047.0,46493969.2,9662077.8,有价格涨跌幅限制的日价格振幅达到15%的前五只证券,10.0309
20260903,600479,千金药业,10434470,沪股通专用,沪股通专用,56156047.0,46493969.2,9662077.8,有价格涨跌幅限制的日换手率达到20%的前五只证券,10.0309
20260903,600479,千金药业,10434470,沪股通专用,沪股通专用,56156047.0,46493969.2,9662077.8,有价格涨跌幅限制的日收盘价格涨幅偏离值达到7%的前五只证券,10.0309
20260903,600828,茂业商业,10678762,东方财富证券股份有限公司拉萨金融城南环路证券营业部,东方财富证券拉萨金融城南环路证券营业部,9538158.0,,9538158.0,有价格涨跌幅限制的日价格振幅达到15%的前五只证券,6.0291
20260903,002886,沃特股份,10281327,东方财富证券股份有限公司山南香曲东路证券营业部,东方财富证券山南香曲东路证券营业部,17023384.0,7712401.0,9310983.0,日跌幅偏离值达到7%的前5只证券,-9.987
20260903,002855,捷荣技术,10433911,国泰海通证券股份有限公司张家港人民中路证券营业部,国泰海通证券张家港人民中路证券营业部,9123099.0,3422.0,9119677.0,日跌幅偏离值达到7%的前5只证券,-9.9947
20260903,002855,捷荣技术,10025080,国泰海通证券股份有限公司上海长宁区江苏路证券营业部,国泰海通证券上海长宁区江苏路证券营业部,9500925.0,398461.0,9102464.0,日跌幅偏离值达到7%的前5只证券,-9.9947
20260903,601212,白银有色,10088113,中国国际金融股份有限公司上海分公司,中国国际金融上海分公司,63567424.0,54613713.3,8953710.7,有价格涨跌幅限制的日收盘价格涨幅偏离值达到7%的前五只证券,10.0601
20260903,300830,金现代,10124373,中信证券股份有限公司东阳吴宁西路证券营业部,中信证券东阳吴宁西路证券营业部,9037311.0,84752.0,8952559.0,日涨幅达到15%的前5只证券,19.9762
20260903,600828,茂业商业,10281327,东方财富证券股份有限公司山南香曲东路证券营业部,东方财富证券山南香曲东路证券营业部,8934728.0,,8934728.0,有价格涨跌幅限制的日价格振幅达到15%的前五只证券,6.0291
20260903,600828,茂业商业,10004865,国泰海通证券股份有限公司,国泰海通,8917756.0,,8917756.0,有价格涨跌幅限制的日价格振幅达到15%的前五只证券,6.0291
20260903,003005,竞业达,10000213448,国信证券股份有限公司浙江互联网分公司,国信证券浙江互联网分公司,13178022.88,4287423.0,8890599.88,日振幅值达到15%的前5只证券,2.65
20260903,003005,竞业达,10000213448,国信证券股份有限公司浙江互联网分公司,国信证券浙江互联网分公司,13178022.88,4287423.0,8890599.88,日换手率达到20%的前5只证券,2.65
20260903,000635,英力特,10918102,国元证券股份有限公司厦门莲岳路证券营业部,国元证券厦门莲岳路证券营业部,8488976.0,88800.0,8400176.0,日振幅值达到15%的前5只证券,-6.4232
20260903,920021,流金科技,10146953,兴业证券股份有限公司南昌洪城路证券营业部,兴业证券南昌洪城路证券营业部,7954769.7,0.0,7954769.7,当日换手率达到20%的前5只股票,-1.7448
20260903,605577,龙版传媒,10099191,国泰海通证券股份有限公司长沙五一大道第二证券营业部,国泰海通证券长沙五一大道第二证券营业部,7926535.0,,7926535.0,有价格涨跌幅限制的日收盘价格涨幅偏离值达到7%的前五只证券,10.0389
20260903,605577,龙版传媒,10000503113,国金证券股份有限公司上海浦东新区云鹃北路证券营业部,国金证券上海浦东新区云鹃北路证券营业部,7705861.0,,7705861.0,有价格涨跌幅限制的日收盘价格涨幅偏离值达到7%的前五只证券,10.0389
20260903,000560,我爱我家,10678762,东方财富证券股份有限公司拉萨金融城南环路证券营业部,东方财富证券拉萨金融城南环路证券营业部,24223527.12,16649364.0,7574163.12,日跌幅偏离值达到7%的前5只证券,-10.0629
20260903,920176,维琪科技,10028535,南京证券股份有限公司南京热河路证券营业部,南京证券南京热河路证券营业部,7343107.07,74000.0,7269107.07,当日换手率达到20%的前5只股票,7.3026
20260903,002886,沃特股份,10678762,东方财富证券股份有限公司拉萨金融城南环路证券营业部,东方财富证券拉萨金融城南环路证券营业部,15030922.0,8436927.0,6593995.0,日跌幅偏离值达到7%的前5只证券,-9.987
20260903,000635,英力特,10094955,长江证券股份有限公司大连中山路证券营业部,长江证券大连中山路证券营业部,6338372.0,0.0,6338372.0,日振幅值达到15%的前5只证券,-6.4232
20260903,920176,维琪科技,10025201,国泰海通证券股份有限公司合肥长江西路证券营业部,国泰海通证券合肥长江西路证券营业部,6342019.5,8018.74,6334000.76,当日换手率达到20%的前5只股票,7.3026
20260903,688622,*ST禾信,10060813,招商证券股份有限公司武汉中北路证券营业部,招商证券武汉中北路证券营业部,6256429.02,,6256429.02,有价格涨跌幅限制的日收盘价格涨幅达到15%的前五只证券,20.0
20260903,002708,光洋股份,10456254,财通证券股份有限公司湖州织里吴兴大道证券营业部,财通证券湖州织里吴兴大道证券营业部,34996535.0,28753632.0,6242903.0,连续三个交易日内，涨幅偏离值累计达到20%的证券,10.0282
20260903,600657,信达地产,10456750,国泰海通证券股份有限公司上海浦东新区锦康路证券营业部,国泰海通证券上海浦东新区锦康路证券营业部,6230507.0,,6230507.0,有价格涨跌幅限制的日价格振幅达到15%的前五只证券,10.1639
20260903,600657,信达地产,10456750,国泰海通证券股份有限公司上海浦东新区锦康路证券营业部,国泰海通证券上海浦东新区锦康路证券营业部,6230507.0,,6230507.0,有价格涨跌幅限制的日收盘价格涨幅偏离值达到7%的前五只证券,10.1639
20260903,003005,竞业达,10342919,东方财富证券股份有限公司昌都两江大道证券营业部,东方财富证券昌都两江大道证券营业部,10729554.6,4697974.0,6031580.6,日振幅值达到15%的前5只证券,2.65
20260903,003005,竞业达,10342919,东方财富证券股份有限公司昌都两江大道证券营业部,东方财富证券昌都两江大道证券营业部,10729554.6,4697974.0,6031580.6,日换手率达到20%的前5只证券,2.65
20260903,002742,冀衡医药,10023631,西南证券股份有限公司重庆第二分公司,西南证券重庆第二分公司,6140095.0,157565.0,5982530.0,日跌幅偏离值达到7%的前5只证券,-9.9404
20260903,000635,英力特,10000213448,国信证券股份有限公司浙江互联网分公司,国信证券浙江互联网分公司,6439458.0,460564.0,5978894.0,日振幅值达到15%的前5只证券,-6.4232
20260903,600657,信达地产,10434470,沪股通专用,沪股通专用,22719346.0,16806288.0,5913058.0,有价格涨跌幅限制的日价格振幅达到15%的前五只证券,10.1639
20260903,600657,信达地产,10434470,沪股通专用,沪股通专用,22719346.0,16806288.0,5913058.0,有价格涨跌幅限制的日收盘价格涨幅偏离值达到7%的前五只证券,10.1639
20260903,000560,我爱我家,10342919,东方财富证券股份有限公司昌都两江大道证券营业部,东方财富证券昌都两江大道证券营业部,16875296.8,11043199.0,5832097.8,日跌幅偏离值达到7%的前5只证券,-10.0629
20260903,920895,花溪科技,10477736,东莞证券股份有限公司四川分公司,东莞证券四川分公司,5442901.15,185623.64,5257277.51,当日换手率达到20%的前5只股票,7.1429
20260903,920222,益坤电气,10136477,国信证券股份有限公司深圳互联网分公司,国信证券深圳互联网分公司,8233166.09,3020662.72,5212503.37,当日换手率达到20%的前5只股票,-6.8474
20260903,603900,莱绅通灵,10537523,国投证券股份有限公司柳州晨华路证券营业部,国投证券柳州晨华路证券营业部,5169571.0,,5169571.0,有价格涨跌幅限制的日价格振幅达到15%的前五只证券,-3.7975
20260903,001278,一彬科技,10021698,申万宏源证券有限公司上海浦东新区关岳西路证券营业部,申万宏源证券上海浦东新区关岳西路证券营业部,5201872.0,130663.0,5071209.0,日振幅值达到15%的前5只证券,-3.6224
20260903,001278,一彬科技,10131853,中国银河证券股份有限公司北京陶然桥证券营业部,中国银河证券北京陶然桥证券营业部,5020252.0,17321.0,5002931.0,日振幅值达到15%的前5只证券,-3.6224
20260903,300189,神农种业,10678762,东方财富证券股份有限公司拉萨金融城南环路证券营业部,东方财富证券拉萨金融城南环路证券营业部,23615818.6,19101257.0,4514561.6,日换手率达到30%的前5只证券,5.0822
20260903,003032,传智教育,10025071,国泰海通证券股份有限公司北京中关村南大街证券营业部,国泰海通证券北京中关村南大街证券营业部,4365935.0,0.0,4365935.0,日跌幅偏离值达到7%的前5只证券,-10.0
20260903,002708,光洋股份,10038679,平安证券股份有限公司浙江分公司,平安证券浙江分公司,39675275.0,35390399.8,4284875.2,日涨幅偏离值达到7%的前5只证券,10.0282
20260903,003032,传智教育,10000213448,国信证券股份有限公司浙江互联网分公司,国信证券浙江互联网分公司,6925480.0,2799739.0,4125741.0,日跌幅偏离值达到7%的前5只证券,-10.0
20260903,000560,我爱我家,10000213448,国信证券股份有限公司浙江互联网分公司,国信证券浙江互联网分公司,19758825.0,15791085.4,3967739.6,日跌幅偏离值达到7%的前5只证券,-10.0629
20260903,688622,*ST禾信,10099813,中国银河证券股份有限公司佛山顺德大良证券营业部,中国银河证券佛山顺德大良证券营业部,3905892.46,,3905892.46,有价格涨跌幅限制的日收盘价格涨幅达到15%的前五只证券,20.0
20260903,600611,大众交通,10434470,沪股通专用,沪股通专用,22509863.68,18892765.0,3617098.68,有价格涨跌幅限制的日收盘价格涨幅偏离值达到7%的前五只证券,10.0427
20260903,688622,*ST禾信,10028564,华泰证券股份有限公司上海徐汇区天钥桥路证券营业部,华泰证券上海徐汇区天钥桥路证券营业部,3565053.1,,3565053.1,有价格涨跌幅限制的日收盘价格涨幅达到15%的前五只证券,20.0
20260903,002855,捷荣技术,10023559,中国银河证券股份有限公司北京学院南路证券营业部,中国银河证券北京学院南路证券营业部,9212772.0,5665176.5,3547595.5,日跌幅偏离值达到7%的前5只证券,-9.9947
20260903,603339,四方科技,10133941,中信证券股份有限公司杭州新天地证券营业部,中信证券杭州新天地证券营业部,3442725.0,,3442725.0,有价格涨跌幅限制的日收盘价格跌幅偏离值达到7%的前五只证券,-10.0259
20260903,688622,*ST禾信,10004865,国泰海通证券股份有限公司,国泰海通,11257118.34,7845250.62,3411867.72,有价格涨跌幅限制的日收盘价格涨幅达到15%的前五只证券,20.0
20260903,688622,*ST禾信,10638007,信达证券股份有限公司温州瓯江路证券营业部,信达证券温州瓯江路证券营业部,3264346.03,,3264346.03,有价格涨跌幅限制的日收盘价格涨幅达到15%的前五只证券,20.0
20260903,920288,华大海天,10000104821,国金证券股份有限公司深圳分公司,国金证券深圳分公司,4387358.7,1146789.3,3240569.4,当日换手率达到20%的前5只股票,-7.5454
20260903,603221,爱丽家居,10077727,华泰证券股份有限公司孝感长征路证券营业部,华泰证券孝感长征路证券营业部,2951949.0,,2951949.0,有价格涨跌幅限制的日收盘价格跌幅偏离值达到7%的前五只证券,-10.009
20260903,002708,光洋股份,10141823,中国银河证券股份有限公司湖州适园路证券营业部,中国银河证券湖州适园路证券营业部,29806509.0,26862663.0,2943846.0,连续三个交易日内，涨幅偏离值累计达到20%的证券,10.0282
20260903,603221,爱丽家居,10108338,华宝证券股份有限公司深圳福华一路证券营业部,华宝证券深圳福华一路证券营业部,2906904.0,,2906904.0,有价格涨跌幅限制的日收盘价格跌幅偏离值达到7%的前五只证券,-10.009
20260903,603221,爱丽家居,10533963,中国银河证券股份有限公司北京大望路证券营业部,中国银河证券北京大望路证券营业部,2855853.0,,2855853.0,有价格涨跌幅限制的日收盘价格跌幅偏离值达到7%的前五只证券,-10.009
20260903,603221,爱丽家居,10281327,东方财富证券股份有限公司山南香曲东路证券营业部,东方财富证券山南香曲东路证券营业部,2810808.0,,2810808.0,有价格涨跌幅限制的日收盘价格跌幅偏离值达到7%的前五只证券,-10.009
20260903,600722,金牛化工,10135341,中信证券股份有限公司上海分公司,中信证券上海分公司,34569927.67,31794341.59,2775586.08,有价格涨跌幅限制的日收盘价格跌幅偏离值达到7%的前五只证券,-10.0208
20260903,920021,流金科技,10472087,东方财富证券股份有限公司拉萨东环路第二证券营业部,东方财富证券拉萨东环路第二证券营业部,7429865.84,4795935.87,2633929.97,当日换手率达到20%的前5只股票,-1.7448
20260903,600127,金健米业,10135341,中信证券股份有限公司上海分公司,中信证券上海分公司,36243918.1,33748605.39,2495312.71,有价格涨跌幅限制的日换手率达到20%的前五只证券,2.1774
20260903,003040,楚天龙,10678762,东方财富证券股份有限公司拉萨金融城南环路证券营业部,东方财富证券拉萨金融城南环路证券营业部,29390829.44,27171392.96,2219436.48,日振幅值达到15%的前5只证券,-9.0909
20260903,600657,信达地产,10046745,开源证券股份有限公司西安西大街证券营业部,开源证券西安西大街证券营业部,36087749.45,33947282.06,2140467.39,非S证券连续三个交易日内收盘价格涨幅偏离值累计达到20%的证券,10.1639
20260903,920021,流金科技,10428246,东方财富证券股份有限公司拉萨东环路第一证券营业部,东方财富证券拉萨东环路第一证券营业部,6096962.15,4060699.76,2036262.39,当日换手率达到20%的前5只股票,-1.7448
20260903,920895,花溪科技,10678762,东方财富证券股份有限公司拉萨金融城南环路证券营业部,东方财富证券拉萨金融城南环路证券营业部,16935333.63,15011807.24,1923526.39,北交所股票连续3个交易日内日收盘价涨跌幅偏离值累计达到+40%(-40%),7.1429
20260903,003032,传智教育,10281327,东方财富证券股份有限公司山南香曲东路证券营业部,东方财富证券山南香曲东路证券营业部,4448871.0,2629039.0,1819832.0,日跌幅偏离值达到7%的前5只证券,-10.0
20260903,002742,冀衡医药,10484371,东方财富证券股份有限公司拉萨团结路第一证券营业部,东方财富证券拉萨团结路第一证券营业部,4375745.0,2687826.0,1687919.0,日跌幅偏离值达到7%的前5只证券,-9.9404
20260903,300189,神农种业,10428246,东方财富证券股份有限公司拉萨东环路第一证券营业部,东方财富证券拉萨东环路第一证券营业部,19115069.0,17618961.97,1496107.03,日换手率达到30%的前5只证券,5.0822
20260903,605179,一鸣食品,10132125,申万宏源证券有限公司广州东风东路证券营业部,申万宏源证券广州东风东路证券营业部,1432080.0,,1432080.0,有价格涨跌幅限制的日收盘价格跌幅偏离值达到7%的前五只证券,-10.0
20260903,600227,赤天化,10000213448,国信证券股份有限公司浙江互联网分公司,国信证券浙江互联网分公司,22317842.75,20888382.0,1429460.75,有价格涨跌幅限制的日收盘价格跌幅偏离值达到7%的前五只证券,-9.9796
20260903,605179,一鸣食品,10046595,光大证券股份有限公司东莞南城鸿福路证券营业部,光大证券东莞南城鸿福路证券营业部,1409616.0,,1409616.0,有价格涨跌幅限制的日收盘价格跌幅偏离值达到7%的前五只证券,-10.0
20260903,920222,益坤电气,10000104821,国金证券股份有限公司深圳分公司,国金证券深圳分公司,1595014.51,190436.51,1404578.0,当日换手率达到20%的前5只股票,-6.8474
20260903,605179,一鸣食品,10678762,东方财富证券股份有限公司拉萨金融城南环路证券营业部,东方财富证券拉萨金融城南环路证券营业部,1401192.0,,1401192.0,有价格涨跌幅限制的日收盘价格跌幅偏离值达到7%的前五只证券,-10.0
20260903,605179,一鸣食品,10000213448,国信证券股份有限公司浙江互联网分公司,国信证券浙江互联网分公司,1356264.0,,1356264.0,有价格涨跌幅限制的日收盘价格跌幅偏离值达到7%的前五只证券,-10.0
20260903,605179,一鸣食品,10022101,平安证券股份有限公司上海巨鹿路证券营业部,平安证券上海巨鹿路证券营业部,1260792.0,,1260792.0,有价格涨跌幅限制的日收盘价格跌幅偏离值达到7%的前五只证券,-10.0
20260903,920895,花溪科技,10000104821,国金证券股份有限公司深圳分公司,国金证券深圳分公司,4994763.67,3734106.76,1260656.91,当日换手率达到20%的前5只股票,7.1429
20260903,603339,四方科技,10023577,中国银河证券股份有限公司杭州建国北路证券营业部,中国银河证券杭州建国北路证券营业部,1251900.0,,1251900.0,有价格涨跌幅限制的日收盘价格跌幅偏离值达到7%的前五只证券,-10.0259
20260903,603339,四方科技,10046762,浙商证券股份有限公司义乌江滨北路证券营业部,浙商证券义乌江滨北路证券营业部,1154530.0,,1154530.0,有价格涨跌幅限制的日收盘价格跌幅偏离值达到7%的前五只证券,-10.0259
20260903,603339,四方科技,10129897,中银国际证券股份有限公司深圳中心四路证券营业部,中银国际证券深圳中心四路证券营业部,1147575.0,,1147575.0,有价格涨跌幅限制的日收盘价格跌幅偏离值达到7%的前五只证券,-10.0259
20260903,603339,四方科技,10023612,中国中金财富证券有限公司南通工农路证券营业部,中国中金财富证券南通工农路证券营业部,1126710.0,,1126710.0,有价格涨跌幅限制的日收盘价格跌幅偏离值达到7%的前五只证券,-10.0259
20260903,920288,华大海天,10472087,东方财富证券股份有限公司拉萨东环路第二证券营业部,东方财富证券拉萨东环路第二证券营业部,2462193.71,1396279.57,1065914.14,当日换手率达到20%的前5只股票,-7.5454
20260903,920176,维琪科技,10000104821,国金证券股份有限公司深圳分公司,国金证券深圳分公司,8632963.17,7585814.54,1047148.63,当日换手率达到20%的前5只股票,7.3026
20260903,920222,益坤电气,10428246,东方财富证券股份有限公司拉萨东环路第一证券营业部,东方财富证券拉萨东环路第一证券营业部,1303584.57,341024.4,962560.17,当日换手率达到20%的前5只股票,-6.8474
20260903,003032,传智教育,10678762,东方财富证券股份有限公司拉萨金融城南环路证券营业部,东方财富证券拉萨金融城南环路证券营业部,4205886.0,3254673.0,951213.0,日跌幅偏离值达到7%的前5只证券,-10.0
20260903,920288,华大海天,10708576,东方财富证券股份有限公司拉萨东城区江苏大道证券营业部,东方财富证券拉萨东城区江苏大道证券营业部,1452771.51,506591.92,946179.59,当日换手率达到20%的前5只股票,-7.5454
20260903,603900,莱绅通灵,10000399618,高盛(中国)证券有限责任公司上海浦东新区世纪大道证券营业部,高盛(中国)证券上海浦东新区世纪大道证券营业部,9352382.0,8414723.0,937659.0,有价格涨跌幅限制的日价格振幅达到15%的前五只证券,-3.7975
20260903,920222,益坤电气,10045166,国信证券股份有限公司深圳红岭中路证券营业部,国信证券深圳红岭中路证券营业部,1479331.04,541759.5,937571.54,当日换手率达到20%的前5只股票,-6.8474
20260903,920895,花溪科技,10136477,国信证券股份有限公司深圳互联网分公司,国信证券深圳互联网分公司,12940507.21,12046709.74,893797.47,北交所股票连续3个交易日内日收盘价涨跌幅偏离值累计达到+40%(-40%),7.1429
20260903,002855,捷荣技术,10134015,中信证券股份有限公司深圳深南中路中信大厦证券营业部,中信证券深圳深南中路中信大厦证券营业部,7509552.0,6687399.0,822153.0,日跌幅偏离值达到7%的前5只证券,-9.9947
20260903,002418,康盛股份,10484371,东方财富证券股份有限公司拉萨团结路第一证券营业部,东方财富证券拉萨团结路第一证券营业部,21972772.0,21298346.0,674426.0,日换手率达到20%的前5只证券,-2.7539
20260903,920222,益坤电气,10028716,中信建投证券股份有限公司上海营口路证券营业部,中信建投证券上海营口路证券营业部,1585688.62,1127902.91,457785.71,当日换手率达到20%的前5只股票,-6.8474
20260903,920895,花溪科技,10136477,国信证券股份有限公司深圳互联网分公司,国信证券深圳互联网分公司,4810262.34,4462314.89,347947.45,当日换手率达到20%的前5只股票,7.1429
20260903,603900,莱绅通灵,10110478,瑞银证券有限责任公司上海花园石桥路证券营业部,瑞银证券上海花园石桥路证券营业部,6242960.74,5921133.8,321826.94,有价格涨跌幅限制的日价格振幅达到15%的前五只证券,-3.7975
20260903,200017,深中华B,10046532,招商证券股份有限公司深圳文锦渡深润大厦证券营业部,招商证券深圳文锦渡深润大厦证券营业部,274520.43,0.0,274520.43,日跌幅偏离值达到7%的前5只证券,-6.7485
20260903,200017,深中华B,10145307,广发证券股份有限公司珠海斗门珠峰科创中心证券营业部,广发证券珠海斗门珠峰科创中心证券营业部,221478.13,0.0,221478.13,日跌幅偏离值达到7%的前5只证券,-6.7485
20260903,200017,深中华B,10093321,长江证券股份有限公司上海浦东新区东明路证券营业部,长江证券上海浦东新区东明路证券营业部,111440.56,0.0,111440.56,日跌幅偏离值达到7%的前5只证券,-6.7485
20260903,200017,深中华B,10195299,中国银河证券股份有限公司太原南中环街证券营业部,中国银河证券太原南中环街证券营业部,58638.72,0.0,58638.72,日跌幅偏离值达到7%的前5只证券,-6.7485
20260903,200017,深中华B,10046531,招商证券股份有限公司深圳建安路证券营业部,招商证券深圳建安路证券营业部,79802.19,39162.83,40639.36,日跌幅偏离值达到7%的前5只证券,-6.7485
20260903,002742,冀衡医药,10678762,东方财富证券股份有限公司拉萨金融城南环路证券营业部,东方财富证券拉萨金融城南环路证券营业部,5147090.0,5208425.0,-61335.0,日跌幅偏离值达到7%的前5只证券,-9.9404
20260903,200017,深中华B,10030188,国泰海通证券股份有限公司绍兴劳动路证券营业部,国泰海通证券绍兴劳动路证券营业部,0.0,73759.65,-73759.65,日跌幅偏离值达到7%的前5只证券,-6.7485
20260903,200017,深中华B,10147263,中国中金财富证券有限公司深圳宝安中心路证券营业部,中国中金财富证券深圳宝安中心路证券营业部,0.0,82421.73,-82421.73,日跌幅偏离值达到7%的前5只证券,-6.7485
20260903,200017,深中华B,10021707,华泰证券股份有限公司广州云城东路证券营业部,华泰证券广州云城东路证券营业部,0.0,119541.97,-119541.97,日跌幅偏离值达到7%的前5只证券,-6.7485
20260903,200017,深中华B,10030154,华林证券股份有限公司江门聚德街证券营业部,华林证券江门聚德街证券营业部,0.0,143605.71,-143605.71,日跌幅偏离值达到7%的前5只证券,-6.7485
20260903,002742,冀衡医药,10281327,东方财富证券股份有限公司山南香曲东路证券营业部,东方财富证券山南香曲东路证券营业部,4267580.0,4438516.0,-170936.0,日跌幅偏离值达到7%的前5只证券,-9.9404
20260903,200017,深中华B,10512175,平安证券股份有限公司深圳香蜜湖证券营业部,平安证券深圳香蜜湖证券营业部,4795.45,205757.12,-200961.67,日跌幅偏离值达到7%的前5只证券,-6.7485
20260903,002300,太阳电缆,10000011376,东亚前海证券有限责任公司浙江分公司,东亚前海证券浙江分公司,11506040.0,11738568.0,-232528.0,连续三个交易日内，涨幅偏离值累计达到20%的证券,9.9607
20260903,002418,康盛股份,10000213448,国信证券股份有限公司浙江互联网分公司,国信证券浙江互联网分公司,21068359.0,21564399.0,-496040.0,日换手率达到20%的前5只证券,-2.7539
20260903,920895,花溪科技,10138903,中信建投证券股份有限公司南昌榕门路证券营业部,中信建投证券南昌榕门路证券营业部,18115257.18,18733358.86,-618101.68,北交所股票连续3个交易日内日收盘价涨跌幅偏离值累计达到+40%(-40%),7.1429
20260903,920895,花溪科技,10472087,东方财富证券股份有限公司拉萨东环路第二证券营业部,东方财富证券拉萨东环路第二证券营业部,4267647.19,5003880.85,-736233.66,当日换手率达到20%的前5只股票,7.1429
20260903,920895,花溪科技,10678762,东方财富证券股份有限公司拉萨金融城南环路证券营业部,东方财富证券拉萨金融城南环路证券营业部,3691906.39,4821915.66,-1130009.27,当日换手率达到20%的前5只股票,7.1429
20260903,603900,莱绅通灵,10004865,国泰海通证券股份有限公司,国泰海通,13764345.0,14913647.0,-1149302.0,有价格涨跌幅限制的日价格振幅达到15%的前五只证券,-3.7975
20260903,301591,肯特股份,10472087,东方财富证券股份有限公司拉萨东环路第二证券营业部,东方财富证券拉萨东环路第二证券营业部,7470649.13,8656431.4,-1185782.27,日换手率达到30%的前5只证券,-13.9616
20260903,603221,爱丽家居,10086806,光大证券股份有限公司深圳金田路证券营业部,光大证券深圳金田路证券营业部,3915912.0,5105100.0,-1189188.0,有价格涨跌幅限制的日收盘价格跌幅偏离值达到7%的前五只证券,-10.009
20260903,002418,康盛股份,10025080,国泰海通证券股份有限公司上海长宁区江苏路证券营业部,国泰海通证券上海长宁区江苏路证券营业部,23805190.0,25121346.0,-1316156.0,日换手率达到20%的前5只证券,-2.7539
20260903,920176,维琪科技,10136477,国信证券股份有限公司深圳互联网分公司,国信证券深圳互联网分公司,13984707.28,15344272.92,-1359565.64,当日换手率达到20%的前5只股票,7.3026
20260903,605179,一鸣食品,10342130,国金证券股份有限公司上海静安区南京西路证券营业部,国金证券上海静安区南京西路证券营业部,,1592136.0,-1592136.0,有价格涨跌幅限制的日收盘价格跌幅偏离值达到7%的前五只证券,-10.0
20260903,605179,一鸣食品,10484154,国投证券股份有限公司深圳龙华大道证券营业部,国投证券深圳龙华大道证券营业部,,1617408.0,-1617408.0,有价格涨跌幅限制的日收盘价格跌幅偏离值达到7%的前五只证券,-10.0
20260903,002855,捷荣技术,10678762,东方财富证券股份有限公司拉萨金融城南环路证券营业部,东方财富证券拉萨金融城南环路证券营业部,5272492.0,6926296.0,-1653804.0,日跌幅偏离值达到7%的前5只证券,-9.9947
20260903,605179,一鸣食品,10281327,东方财富证券股份有限公司山南香曲东路证券营业部,东方财富证券山南香曲东路证券营业部,,1670760.0,-1670760.0,有价格涨跌幅限制的日收盘价格跌幅偏离值达到7%的前五只证券,-10.0
20260903,300189,神农种业,10484371,东方财富证券股份有限公司拉萨团结路第一证券营业部,东方财富证券拉萨团结路第一证券营业部,18403803.36,20150536.5,-1746733.14,日换手率达到30%的前5只证券,5.0822
20260903,603339,四方科技,10184506,浙商证券股份有限公司杭州江南大道证券营业部,浙商证券杭州江南大道证券营业部,,1808300.0,-1808300.0,有价格涨跌幅限制的日收盘价格跌幅偏离值达到7%的前五只证券,-10.0259
20260903,920288,华大海天,10046827,广发证券股份有限公司上海西藏南路证券营业部,广发证券上海西藏南路证券营业部,62603.52,2232419.09,-2169815.57,当日换手率达到20%的前5只股票,-7.5454
20260903,603339,四方科技,10000141438,民生证券股份有限公司杭州东宁路证券营业部,民生证券杭州东宁路证券营业部,,2194998.0,-2194998.0,有价格涨跌幅限制的日收盘价格跌幅偏离值达到7%的前五只证券,-10.0259
20260903,603339,四方科技,10484760,浙商证券股份有限公司杭州分公司,浙商证券杭州分公司,,2233667.8,-2233667.8,有价格涨跌幅限制的日收盘价格跌幅偏离值达到7%的前五只证券,-10.0259
20260903,920222,益坤电气,10448450,华泰证券股份有限公司深圳后海中心路证券营业部,华泰证券深圳后海中心路证券营业部,0.0,2267160.9,-2267160.9,当日换手率达到20%的前5只股票,-6.8474
20260903,003018,金富科技,10634757,深股通专用,深股通专用,75388662.26,77837749.37,-2449087.11,日涨幅偏离值达到7%的前5只证券,10.0
20260903,603221,爱丽家居,10000213448,国信证券股份有限公司浙江互联网分公司,国信证券浙江互联网分公司,,2528526.0,-2528526.0,有价格涨跌幅限制的日收盘价格跌幅偏离值达到7%的前五只证券,-10.009
20260903,920288,华大海天,10705817,国泰海通证券股份有限公司厦门国际金融中心证券营业部,国泰海通证券厦门国际金融中心证券营业部,0.0,2712049.77,-2712049.77,当日换手率达到20%的前5只股票,-7.5454
20260903,605577,龙版传媒,10004865,国泰海通证券股份有限公司,国泰海通,11924481.0,14699340.96,-2774859.96,非S证券连续三个交易日内收盘价格涨幅偏离值累计达到20%的证券,10.0389
20260903,002300,太阳电缆,10634757,深股通专用,深股通专用,35550179.92,38364039.64,-2813859.72,连续三个交易日内，涨幅偏离值累计达到20%的证券,9.9607
20260903,920288,华大海天,10933334,财通证券股份有限公司深圳凤凰大道证券营业部,财通证券深圳凤凰大道证券营业部,0.0,2979378.9,-2979378.9,当日换手率达到20%的前5只股票,-7.5454
20260903,603221,爱丽家居,10678762,东方财富证券股份有限公司拉萨金融城南环路证券营业部,东方财富证券拉萨金融城南环路证券营业部,,3015012.0,-3015012.0,有价格涨跌幅限制的日收盘价格跌幅偏离值达到7%的前五只证券,-10.009
20260903,002742,冀衡医药,10000213448,国信证券股份有限公司浙江互联网分公司,国信证券浙江互联网分公司,4467627.0,7552773.72,-3085146.72,日跌幅偏离值达到7%的前5只证券,-9.9404
20260903,603270,金帝股份,10434470,沪股通专用,沪股通专用,46294646.5,49423290.52,-3128644.02,非S证券连续三个交易日内收盘价格涨幅偏离值累计达到20%的证券,10.0094
20260903,003032,传智教育,10342919,东方财富证券股份有限公司昌都两江大道证券营业部,东方财富证券昌都两江大道证券营业部,4190461.6,7701846.0,-3511384.4,日跌幅偏离值达到7%的前5只证券,-10.0
20260903,920222,益坤电气,10066452,中信证券(山东)有限责任公司青岛南京路证券营业部,中信证券(山东)青岛南京路证券营业部,56789.41,3697507.5,-3640718.09,当日换手率达到20%的前5只股票,-6.8474
20260903,605179,一鸣食品,10094413,东方证券股份有限公司上海浦东新区张杨路证券营业部,东方证券上海浦东新区张杨路证券营业部,,3650400.0,-3650400.0,有价格涨跌幅限制的日收盘价格跌幅偏离值达到7%的前五只证券,-10.0
20260903,920288,华大海天,10028686,招商证券股份有限公司深圳超总基地深湾二路证券营业部,招商证券深圳超总基地深湾二路证券营业部,0.0,3819348.19,-3819348.19,当日换手率达到20%的前5只股票,-7.5454
20260903,301591,肯特股份,10678762,东方财富证券股份有限公司拉萨金融城南环路证券营业部,东方财富证券拉萨金融城南环路证券营业部,6890131.96,10823672.6,-3933540.64,日换手率达到30%的前5只证券,-13.9616
20260903,920895,花溪科技,10143726,中银国际证券股份有限公司江西分公司,中银国际证券江西分公司,9120393.06,13069624.18,-3949231.12,北交所股票连续3个交易日内日收盘价涨跌幅偏离值累计达到+40%(-40%),7.1429
20260903,920021,流金科技,10045166,国信证券股份有限公司深圳红岭中路证券营业部,国信证券深圳红岭中路证券营业部,2568591.01,6588526.53,-4019935.52,当日换手率达到20%的前5只股票,-1.7448
20260903,603221,爱丽家居,10342919,东方财富证券股份有限公司昌都两江大道证券营业部,东方财富证券昌都两江大道证券营业部,,4240236.0,-4240236.0,有价格涨跌幅限制的日收盘价格跌幅偏离值达到7%的前五只证券,-10.009
20260903,002855,捷荣技术,10000104821,国金证券股份有限公司深圳分公司,国金证券深圳分公司,3039544.0,7295245.39,-4255701.39,日跌幅偏离值达到7%的前5只证券,-9.9947
20260903,300830,金现代,10467691,华金证券股份有限公司广东省横琴粤澳深度合作区分公司,华金证券广东省横琴粤澳深度合作区分公司,0.0,4270996.0,-4270996.0,日涨幅达到15%的前5只证券,19.9762
20260903,603221,爱丽家居,10124413,华泰证券股份有限公司常州和平北路证券营业部,华泰证券常州和平北路证券营业部,,4279275.0,-4279275.0,有价格涨跌幅限制的日收盘价格跌幅偏离值达到7%的前五只证券,-10.009
20260903,605179,一鸣食品,10098746,国泰海通证券股份有限公司东莞体育路证券营业部,国泰海通证券东莞体育路证券营业部,,4453488.0,-4453488.0,有价格涨跌幅限制的日收盘价格跌幅偏离值达到7%的前五只证券,-10.0
20260903,003032,传智教育,10081709,招商证券股份有限公司深圳益田路免税商务大厦证券营业部,招商证券深圳益田路免税商务大厦证券营业部,168351.0,4647954.04,-4479603.04,日跌幅偏离值达到7%的前5只证券,-10.0
20260903,300830,金现代,10054518,方正证券股份有限公司杭州白石巷证券营业部,方正证券杭州白石巷证券营业部,0.0,4540500.0,-4540500.0,日涨幅达到15%的前5只证券,19.9762
20260903,003040,楚天龙,10281327,东方财富证券股份有限公司山南香曲东路证券营业部,东方财富证券山南香曲东路证券营业部,23015044.5,27600898.51,-4585854.01,日振幅值达到15%的前5只证券,-9.0909
20260903,300830,金现代,10048328,华安证券股份有限公司池州分公司,华安证券池州分公司,1877.0,4600263.0,-4598386.0,日涨幅达到15%的前5只证券,19.9762
20260903,688622,*ST禾信,10000399618,高盛(中国)证券有限责任公司上海浦东新区世纪大道证券营业部,高盛(中国)证券上海浦东新区世纪大道证券营业部,,4794403.52,-4794403.52,有价格涨跌幅限制的日收盘价格涨幅达到15%的前五只证券,20.0
20260903,300830,金现代,10634757,深股通专用,深股通专用,5824960.0,10858532.42,-5033572.42,日涨幅达到15%的前5只证券,19.9762
20260903,300830,金现代,10944827,长江证券股份有限公司聊城东昌西路证券营业部,长江证券聊城东昌西路证券营业部,0.0,5045000.0,-5045000.0,日涨幅达到15%的前5只证券,19.9762
20260903,002328,新朋股份,10678762,东方财富证券股份有限公司拉萨金融城南环路证券营业部,东方财富证券拉萨金融城南环路证券营业部,9293049.0,14419503.0,-5126454.0,日涨幅偏离值达到7%的前5只证券,10.0218
20260903,002418,康盛股份,10634757,深股通专用,深股通专用,67138796.0,72325003.0,-5186207.0,日换手率达到20%的前5只证券,-2.7539
20260903,003032,传智教育,10000297997,东莞证券股份有限公司武汉营业部,东莞证券武汉营业部,298552.0,5514283.0,-5215731.0,日跌幅偏离值达到7%的前5只证券,-10.0
20260903,603900,莱绅通灵,10134015,中信证券股份有限公司深圳深南中路中信大厦证券营业部,中信证券深圳深南中路中信大厦证券营业部,,5352749.0,-5352749.0,有价格涨跌幅限制的日价格振幅达到15%的前五只证券,-3.7975
20260903,688622,*ST禾信,10081709,招商证券股份有限公司深圳益田路免税商务大厦证券营业部,招商证券深圳益田路免税商务大厦证券营业部,,5464210.0,-5464210.0,有价格涨跌幅限制的日收盘价格涨幅达到15%的前五只证券,20.0
20260903,300189,神农种业,10472087,东方财富证券股份有限公司拉萨东环路第二证券营业部,东方财富证券拉萨东环路第二证券营业部,20751153.76,26286177.02,-5535023.26,日换手率达到30%的前5只证券,5.0822
20260903,920021,流金科技,10143030,东吴证券股份有限公司上海西藏南路证券营业部,东吴证券上海西藏南路证券营业部,3291585.87,8827207.34,-5535621.47,当日换手率达到20%的前5只股票,-1.7448
20260903,002742,冀衡医药,10342919,东方财富证券股份有限公司昌都两江大道证券营业部,东方财富证券昌都两江大道证券营业部,3358265.0,9388857.28,-6030592.28,日跌幅偏离值达到7%的前5只证券,-9.9404
20260903,600657,信达地产,10485046,国联民生证券股份有限公司上海分公司,国联民生证券上海分公司,,6090510.0,-6090510.0,有价格涨跌幅限制的日价格振幅达到15%的前五只证券,10.1639
20260903,600657,信达地产,10485046,国联民生证券股份有限公司上海分公司,国联民生证券上海分公司,,6090510.0,-6090510.0,有价格涨跌幅限制的日收盘价格涨幅偏离值达到7%的前五只证券,10.1639
20260903,603900,莱绅通灵,10088113,中国国际金融股份有限公司上海分公司,中国国际金融上海分公司,,6167291.0,-6167291.0,有价格涨跌幅限制的日价格振幅达到15%的前五只证券,-3.7975
20260903,003040,楚天龙,10472087,东方财富证券股份有限公司拉萨东环路第二证券营业部,东方财富证券拉萨东环路第二证券营业部,23751806.03,30126002.58,-6374196.55,日振幅值达到15%的前5只证券,-9.0909
20260903,003032,传智教育,10098087,华泰证券股份有限公司上海武定路证券营业部,华泰证券上海武定路证券营业部,92669.0,6841226.0,-6748557.0,日跌幅偏离值达到7%的前5只证券,-10.0
20260903,600657,信达地产,10434470,沪股通专用,沪股通专用,39713259.0,46500661.02,-6787402.02,非S证券连续三个交易日内收盘价格涨幅偏离值累计达到20%的证券,10.1639
20260903,688622,*ST禾信,10126544,国泰海通证券股份有限公司福州杨桥东路证券营业部,国泰海通证券福州杨桥东路证券营业部,,6793758.55,-6793758.55,有价格涨跌幅限制的日收盘价格涨幅达到15%的前五只证券,20.0
20260903,600657,信达地产,10000133791,开源证券股份有限公司西安第二分公司,开源证券西安第二分公司,,6796399.0,-6796399.0,有价格涨跌幅限制的日价格振幅达到15%的前五只证券,10.1639
20260903,600657,信达地产,10000133791,开源证券股份有限公司西安第二分公司,开源证券西安第二分公司,,6796399.0,-6796399.0,有价格涨跌幅限制的日收盘价格涨幅偏离值达到7%的前五只证券,10.1639
20260903,003018,金富科技,10088113,中国国际金融股份有限公司上海分公司,中国国际金融上海分公司,3490656.0,10758458.86,-7267802.86,日涨幅偏离值达到7%的前5只证券,10.0
20260903,002855,捷荣技术,10081598,华泰证券股份有限公司郑州经三路证券营业部,华泰证券郑州经三路证券营业部,55688.0,7874008.0,-7818320.0,日跌幅偏离值达到7%的前5只证券,-9.9947
20260903,920021,流金科技,10436792,东方证券股份有限公司重庆金州大道证券营业部,东方证券重庆金州大道证券营业部,673833.27,8829326.17,-8155492.9,当日换手率达到20%的前5只股票,-1.7448
20260903,002909,集泰股份,10456487,招商证券股份有限公司常州太湖东路证券营业部,招商证券常州太湖东路证券营业部,0.0,8192628.0,-8192628.0,连续三个交易日内，涨幅偏离值累计达到20%的证券,10.0275
20260903,003032,传智教育,10109170,国盛证券股份有限公司杭州建设三路证券营业部,国盛证券杭州建设三路证券营业部,19708.0,8252850.0,-8233142.0,日跌幅偏离值达到7%的前5只证券,-10.0
20260903,600611,大众交通,10678762,东方财富证券股份有限公司拉萨金融城南环路证券营业部,东方财富证券拉萨金融城南环路证券营业部,,8297279.0,-8297279.0,有价格涨跌幅限制的日收盘价格涨幅偏离值达到7%的前五只证券,10.0427
20260903,002742,冀衡医药,10918102,国元证券股份有限公司厦门莲岳路证券营业部,国元证券厦门莲岳路证券营业部,0.0,8318569.0,-8318569.0,日跌幅偏离值达到7%的前5只证券,-9.9404
20260903,600611,大众交通,10484371,东方财富证券股份有限公司拉萨团结路第一证券营业部,东方财富证券拉萨团结路第一证券营业部,,8366637.0,-8366637.0,有价格涨跌幅限制的日收盘价格涨幅偏离值达到7%的前五只证券,10.0427
20260903,002742,冀衡医药,10506971,麦高证券有限责任公司苏州干将东路证券营业部,麦高证券苏州干将东路证券营业部,0.0,8678680.0,-8678680.0,日跌幅偏离值达到7%的前5只证券,-9.9404
20260903,600892,大晟文化,10004865,国泰海通证券股份有限公司,国泰海通,33699397.5,42401704.0,-8702306.5,有价格涨跌幅限制的日换手率达到20%的前五只证券,1.8692
20260903,605577,龙版传媒,10000104821,国金证券股份有限公司深圳分公司,国金证券深圳分公司,,8746409.0,-8746409.0,有价格涨跌幅限制的日收盘价格涨幅偏离值达到7%的前五只证券,10.0389
20260903,003005,竞业达,10915756,联储证券股份有限公司宁波分公司,联储证券宁波分公司,7397398.8,16384992.0,-8987593.2,日振幅值达到15%的前5只证券,2.65
20260903,003005,竞业达,10915756,联储证券股份有限公司宁波分公司,联储证券宁波分公司,7397398.8,16384992.0,-8987593.2,日换手率达到20%的前5只证券,2.65
20260903,002909,集泰股份,10635365,光大证券股份有限公司石狮南环路证券营业部,光大证券石狮南环路证券营业部,0.0,9078028.0,-9078028.0,连续三个交易日内，涨幅偏离值累计达到20%的证券,10.0275
20260903,600828,茂业商业,10434470,沪股通专用,沪股通专用,32487807.54,41600083.99,-9112276.45,有价格涨跌幅限制的日价格振幅达到15%的前五只证券,6.0291
20260903,603339,四方科技,10436662,中国银河证券股份有限公司威海统一路证券营业部,中国银河证券威海统一路证券营业部,,9180600.0,-9180600.0,有价格涨跌幅限制的日收盘价格跌幅偏离值达到7%的前五只证券,-10.0259
20260903,605577,龙版传媒,10678762,东方财富证券股份有限公司拉萨金融城南环路证券营业部,东方财富证券拉萨金融城南环路证券营业部,,9311503.0,-9311503.0,有价格涨跌幅限制的日收盘价格涨幅偏离值达到7%的前五只证券,10.0389
20260903,002909,集泰股份,10000073636,东方证券股份有限公司长沙芙蓉南路证券营业部,东方证券长沙芙蓉南路证券营业部,0.0,9359685.0,-9359685.0,连续三个交易日内，涨幅偏离值累计达到20%的证券,10.0275
20260903,920176,维琪科技,10000667965,东莞证券股份有限公司常熟东南大道证券营业部,东莞证券常熟东南大道证券营业部,2279000.0,11678923.61,-9399923.61,当日换手率达到20%的前5只股票,7.3026
20260903,600127,金健米业,10004865,国泰海通证券股份有限公司,国泰海通,60279288.37,70115009.39,-9835721.02,有价格涨跌幅限制的日换手率达到20%的前五只证券,2.1774
20260903,600227,赤天化,10004865,国泰海通证券股份有限公司,国泰海通,15565093.0,25616202.71,-10051109.71,有价格涨跌幅限制的日收盘价格跌幅偏离值达到7%的前五只证券,-9.9796
20260903,600657,信达地产,10133756,上海证券有限责任公司嘉兴中山西路证券营业部,上海证券嘉兴中山西路证券营业部,,10078288.0,-10078288.0,非S证券连续三个交易日内收盘价格涨幅偏离值累计达到20%的证券,10.1639
20260903,605577,龙版传媒,10025179,国泰海通证券股份有限公司广州东风中路证券营业部,国泰海通证券广州东风中路证券营业部,,10331412.0,-10331412.0,有价格涨跌幅限制的日收盘价格涨幅偏离值达到7%的前五只证券,10.0389
20260903,000635,英力特,10456912,中国银河证券股份有限公司青岛海口路证券营业部,中国银河证券青岛海口路证券营业部,314414.0,10741845.0,-10427431.0,日振幅值达到15%的前5只证券,-6.4232
20260903,600828,茂业商业,10000583814,国泰海通证券股份有限公司深圳前海分公司,国泰海通证券深圳前海分公司,,10554779.0,-10554779.0,有价格涨跌幅限制的日价格振幅达到15%的前五只证券,6.0291
20260903,603270,金帝股份,10088113,中国国际金融股份有限公司上海分公司,中国国际金融上海分公司,,10729304.0,-10729304.0,非S证券连续三个交易日内收盘价格涨幅偏离值累计达到20%的证券,10.0094
20260903,002536,飞龙股份,10026937,国泰海通证券股份有限公司武汉紫阳东路证券营业部,国泰海通证券武汉紫阳东路证券营业部,131653420.0,142447623.0,-10794203.0,连续三个交易日内，涨幅偏离值累计达到20%的证券,8.5414
20260903,003040,楚天龙,10484864,华源证券股份有限公司江苏分公司,华源证券江苏分公司,37814187.06,48693503.16,-10879316.1,日振幅值达到15%的前5只证券,-9.0909
20260903,600828,茂业商业,10135341,中信证券股份有限公司上海分公司,中信证券上海分公司,,10947274.0,-10947274.0,有价格涨跌幅限制的日价格振幅达到15%的前五只证券,6.0291
20260903,920021,流金科技,10136477,国信证券股份有限公司深圳互联网分公司,国信证券深圳互联网分公司,18669175.0,29674791.84,-11005616.84,当日换手率达到20%的前5只股票,-1.7448
20260903,002909,集泰股份,10026966,广发证券股份有限公司杭州延安路证券营业部,广发证券杭州延安路证券营业部,0.0,11069019.0,-11069019.0,连续三个交易日内，涨幅偏离值累计达到20%的证券,10.0275
20260903,600611,大众交通,10023780,国海证券股份有限公司北京第一分公司,国海证券北京第一分公司,,11239108.0,-11239108.0,有价格涨跌幅限制的日收盘价格涨幅偏离值达到7%的前五只证券,10.0427
20260903,605577,龙版传媒,10434470,沪股通专用,沪股通专用,,11383647.9,-11383647.9,有价格涨跌幅限制的日收盘价格涨幅偏离值达到7%的前五只证券,10.0389
20260903,605577,龙版传媒,10678762,东方财富证券股份有限公司拉萨金融城南环路证券营业部,东方财富证券拉萨金融城南环路证券营业部,,11645765.0,-11645765.0,非S证券连续三个交易日内收盘价格涨幅偏离值累计达到20%的证券,10.0389
20260903,605577,龙版传媒,10924074,东亚前海证券有限责任公司上海分公司,东亚前海证券上海分公司,,11828401.0,-11828401.0,非S证券连续三个交易日内收盘价格涨幅偏离值累计达到20%的证券,10.0389
20260903,003040,楚天龙,10023559,中国银河证券股份有限公司北京学院南路证券营业部,中国银河证券北京学院南路证券营业部,23714007.0,35555890.39,-11841883.39,日振幅值达到15%的前5只证券,-9.0909
20260903,002059,云南旅游,10488965,中泰证券股份有限公司云南分公司,中泰证券云南分公司,0.0,11981868.0,-11981868.0,连续三个交易日内，涨幅偏离值累计达到20%的证券,10.0952
20260903,600657,信达地产,10135341,中信证券股份有限公司上海分公司,中信证券上海分公司,,12046359.0,-12046359.0,非S证券连续三个交易日内收盘价格涨幅偏离值累计达到20%的证券,10.1639
20260903,605577,龙版传媒,10023646,中国中金财富证券有限公司广州天河路证券营业部,中国中金财富证券广州天河路证券营业部,,12149494.0,-12149494.0,有价格涨跌幅限制的日收盘价格涨幅偏离值达到7%的前五只证券,10.0389
20260903,600828,茂业商业,10000170384,华鑫证券有限责任公司绍兴胜利东路证券营业部,华鑫证券绍兴胜利东路证券营业部,,12183358.0,-12183358.0,有价格涨跌幅限制的日价格振幅达到15%的前五只证券,6.0291
20260903,001278,一彬科技,10477800,开源证券股份有限公司西安太华路证券营业部,开源证券西安太华路证券营业部,62124.0,12496944.0,-12434820.0,日振幅值达到15%的前5只证券,-3.6224
20260903,688622,*ST禾信,10000305005,广发证券股份有限公司龙口港城大道证券营业部,广发证券龙口港城大道证券营业部,,12967500.0,-12967500.0,有价格涨跌幅限制的日收盘价格涨幅达到15%的前五只证券,20.0
20260903,002742,冀衡医药,10506068,麦高证券有限责任公司成都丽都路证券营业部,麦高证券成都丽都路证券营业部,0.0,13116456.0,-13116456.0,日跌幅偏离值达到7%的前5只证券,-9.9404
20260903,002059,云南旅游,10635257,国联民生证券股份有限公司无锡金融一街证券营业部,国联民生证券无锡金融一街证券营业部,0.0,13327653.0,-13327653.0,连续三个交易日内，涨幅偏离值累计达到20%的证券,10.0952
20260903,600127,金健米业,10434470,沪股通专用,沪股通专用,82836455.84,96541085.35,-13704629.51,有价格涨跌幅限制的日换手率达到20%的前五只证券,2.1774
20260903,002708,光洋股份,10025080,国泰海通证券股份有限公司上海长宁区江苏路证券营业部,国泰海通证券上海长宁区江苏路证券营业部,5310083.0,19248456.0,-13938373.0,日涨幅偏离值达到7%的前5只证券,10.0282
20260903,000635,英力特,10112255,申万宏源证券有限公司上海浦东新区沪南路证券营业部,申万宏源证券上海浦东新区沪南路证券营业部,61238.0,14348480.25,-14287242.25,日振幅值达到15%的前5只证券,-6.4232
20260903,600657,信达地产,10455203,东吴证券股份有限公司嘉兴槜李路证券营业部,东吴证券嘉兴槜李路证券营业部,,15618240.0,-15618240.0,非S证券连续三个交易日内收盘价格涨幅偏离值累计达到20%的证券,10.1639
20260903,600479,千金药业,10678762,东方财富证券股份有限公司拉萨金融城南环路证券营业部,东方财富证券拉萨金融城南环路证券营业部,,16010616.25,-16010616.25,有价格涨跌幅限制的日换手率达到20%的前五只证券,10.0309
20260903,600479,千金药业,10678762,东方财富证券股份有限公司拉萨金融城南环路证券营业部,东方财富证券拉萨金融城南环路证券营业部,,16010616.25,-16010616.25,有价格涨跌幅限制的日收盘价格涨幅偏离值达到7%的前五只证券,10.0309
20260903,600479,千金药业,10678762,东方财富证券股份有限公司拉萨金融城南环路证券营业部,东方财富证券拉萨金融城南环路证券营业部,,16010616.25,-16010616.25,有价格涨跌幅限制的日价格振幅达到15%的前五只证券,10.0309
20260903,600227,赤天化,10281327,东方财富证券股份有限公司山南香曲东路证券营业部,东方财富证券山南香曲东路证券营业部,,16289908.0,-16289908.0,有价格涨跌幅限制的日收盘价格跌幅偏离值达到7%的前五只证券,-9.9796
20260903,002980,华盛昌,10516826,华创证券有限责任公司北京西直门证券营业部,华创证券北京西直门证券营业部,144105.0,16492265.0,-16348160.0,日涨幅偏离值达到7%的前5只证券,10.0041
20260903,001278,一彬科技,10657381,开源证券股份有限公司西安高新成章路证券营业部,开源证券西安高新成章路证券营业部,0.0,16362660.0,-16362660.0,日振幅值达到15%的前5只证券,-3.6224
20260903,603270,金帝股份,10000399618,高盛(中国)证券有限责任公司上海浦东新区世纪大道证券营业部,高盛(中国)证券上海浦东新区世纪大道证券营业部,,16634641.0,-16634641.0,非S证券连续三个交易日内收盘价格涨幅偏离值累计达到20%的证券,10.0094
20260903,600227,赤天化,10484371,东方财富证券股份有限公司拉萨团结路第一证券营业部,东方财富证券拉萨团结路第一证券营业部,,17430722.0,-17430722.0,有价格涨跌幅限制的日收盘价格跌幅偏离值达到7%的前五只证券,-9.9796
20260903,600479,千金药业,10000213448,国信证券股份有限公司浙江互联网分公司,国信证券浙江互联网分公司,,17541584.0,-17541584.0,有价格涨跌幅限制的日换手率达到20%的前五只证券,10.0309
20260903,600479,千金药业,10000213448,国信证券股份有限公司浙江互联网分公司,国信证券浙江互联网分公司,,17541584.0,-17541584.0,有价格涨跌幅限制的日收盘价格涨幅偏离值达到7%的前五只证券,10.0309
20260903,600479,千金药业,10000213448,国信证券股份有限公司浙江互联网分公司,国信证券浙江互联网分公司,,17541584.0,-17541584.0,有价格涨跌幅限制的日价格振幅达到15%的前五只证券,10.0309
20260903,600479,千金药业,10088113,中国国际金融股份有限公司上海分公司,中国国际金融上海分公司,,17949145.0,-17949145.0,有价格涨跌幅限制的日收盘价格涨幅偏离值达到7%的前五只证券,10.0309
20260903,600479,千金药业,10088113,中国国际金融股份有限公司上海分公司,中国国际金融上海分公司,,17949145.0,-17949145.0,有价格涨跌幅限制的日价格振幅达到15%的前五只证券,10.0309
20260903,600479,千金药业,10088113,中国国际金融股份有限公司上海分公司,中国国际金融上海分公司,,17949145.0,-17949145.0,有价格涨跌幅限制的日换手率达到20%的前五只证券,10.0309
20260903,603339,四方科技,10638001,联储证券股份有限公司浙江分公司,联储证券浙江分公司,,17996132.05,-17996132.05,有价格涨跌幅限制的日收盘价格跌幅偏离值达到7%的前五只证券,-10.0259
20260903,003018,金富科技,10428246,东方财富证券股份有限公司拉萨东环路第一证券营业部,东方财富证券拉萨东环路第一证券营业部,3909728.0,21910919.0,-18001191.0,日涨幅偏离值达到7%的前5只证券,10.0
20260903,603270,金帝股份,10004865,国泰海通证券股份有限公司,国泰海通,17807304.0,35861579.61,-18054275.61,非S证券连续三个交易日内收盘价格涨幅偏离值累计达到20%的证券,10.0094
20260903,003005,竞业达,10000883377,国联民生证券股份有限公司上海虹口区杨树浦路证券营业部,国联民生证券上海虹口区杨树浦路证券营业部,0.0,18215525.8,-18215525.8,日振幅值达到15%的前5只证券,2.65
20260903,003005,竞业达,10000883377,国联民生证券股份有限公司上海虹口区杨树浦路证券营业部,国联民生证券上海虹口区杨树浦路证券营业部,0.0,18215525.8,-18215525.8,日换手率达到20%的前5只证券,2.65
20260903,600227,赤天化,10434470,沪股通专用,沪股通专用,46839151.0,65213234.0,-18374083.0,有价格涨跌幅限制的日收盘价格跌幅偏离值达到7%的前五只证券,-9.9796
20260903,002300,太阳电缆,10144926,英大证券有限责任公司福建分公司,英大证券福建分公司,0.0,19497629.0,-19497629.0,连续三个交易日内，涨幅偏离值累计达到20%的证券,9.9607
20260903,000892,欢瑞世纪,10088113,中国国际金融股份有限公司上海分公司,中国国际金融上海分公司,19719933.0,39637776.0,-19917843.0,日换手率达到20%的前5只证券,-2.3077
20260903,605577,龙版传媒,10434470,沪股通专用,沪股通专用,11038445.0,31424331.9,-20385886.9,非S证券连续三个交易日内收盘价格涨幅偏离值累计达到20%的证券,10.0389
20260903,600479,千金药业,10134015,中信证券股份有限公司深圳深南中路中信大厦证券营业部,中信证券深圳深南中路中信大厦证券营业部,,20792576.73,-20792576.73,有价格涨跌幅限制的日价格振幅达到15%的前五只证券,10.0309
20260903,600479,千金药业,10134015,中信证券股份有限公司深圳深南中路中信大厦证券营业部,中信证券深圳深南中路中信大厦证券营业部,,20792576.73,-20792576.73,有价格涨跌幅限制的日换手率达到20%的前五只证券,10.0309
20260903,600479,千金药业,10134015,中信证券股份有限公司深圳深南中路中信大厦证券营业部,中信证券深圳深南中路中信大厦证券营业部,,20792576.73,-20792576.73,有价格涨跌幅限制的日收盘价格涨幅偏离值达到7%的前五只证券,10.0309
20260903,603270,金帝股份,10001650248,财达证券股份有限公司江苏分公司,财达证券江苏分公司,,21054341.0,-21054341.0,非S证券连续三个交易日内收盘价格涨幅偏离值累计达到20%的证券,10.0094
20260903,000892,欢瑞世纪,10634757,深股通专用,深股通专用,32338486.33,53427856.72,-21089370.39,日换手率达到20%的前5只证券,-2.3077
20260903,000892,欢瑞世纪,10456811,华金证券股份有限公司上海分公司,华金证券上海分公司,2204.0,22161607.0,-22159403.0,日换手率达到20%的前5只证券,-2.3077
20260903,002104,恒宝股份,10000125644,平安证券股份有限公司嘉兴中环南路证券营业部,平安证券嘉兴中环南路证券营业部,1149397.0,24098665.0,-22949268.0,日换手率达到20%的前5只证券,-3.4049
20260903,301086,鸿富瀚,10634757,深股通专用,深股通专用,115015295.21,138759530.6,-23744235.39,日涨幅达到15%的前5只证券,15.1659
20260903,920176,维琪科技,10026863,国泰海通证券股份有限公司宁波解放北路证券营业部,国泰海通证券宁波解放北路证券营业部,0.0,23761597.36,-23761597.36,当日换手率达到20%的前5只股票,7.3026
20260903,002059,云南旅游,10134905,华泰证券股份有限公司江阴福泰路证券营业部,华泰证券江阴福泰路证券营业部,0.0,23951509.0,-23951509.0,连续三个交易日内，涨幅偏离值累计达到20%的证券,10.0952
20260903,000635,英力特,10426432,方正证券股份有限公司青岛山东路证券营业部,方正证券青岛山东路证券营业部,6196.0,24129718.37,-24123522.37,日振幅值达到15%的前5只证券,-6.4232
20260903,002104,恒宝股份,10026897,国泰海通证券股份有限公司成都天府大道证券营业部,国泰海通证券成都天府大道证券营业部,644259.0,24893358.31,-24249099.31,日换手率达到20%的前5只证券,-3.4049
20260903,605577,龙版传媒,10023646,中国中金财富证券有限公司广州天河路证券营业部,中国中金财富证券广州天河路证券营业部,,24975392.0,-24975392.0,非S证券连续三个交易日内收盘价格涨幅偏离值累计达到20%的证券,10.0389
20260903,600892,大晟文化,10117620,广发证券股份有限公司深圳高新南一道证券营业部,广发证券深圳高新南一道证券营业部,,25841015.0,-25841015.0,有价格涨跌幅限制的日换手率达到20%的前五只证券,1.8692
20260903,600721,百花医药,10057301,中国中金财富证券有限公司湖南分公司,中国中金财富证券湖南分公司,,25944806.0,-25944806.0,有价格涨跌幅限制的日换手率达到20%的前五只证券,-8.2426
20260903,002059,云南旅游,10122836,招商证券股份有限公司上海长宁区娄山关路证券营业部,招商证券上海长宁区娄山关路证券营业部,0.0,26274695.0,-26274695.0,连续三个交易日内，涨幅偏离值累计达到20%的证券,10.0952
20260903,002104,恒宝股份,10430845,国泰海通证券股份有限公司上海静安区新闸路证券营业部,国泰海通证券上海静安区新闸路证券营业部,2248677.0,28749650.2,-26500973.2,日换手率达到20%的前5只证券,-3.4049
20260903,000560,我爱我家,10115140,中国银河证券股份有限公司北京中关村大街证券营业部,中国银河证券北京中关村大街证券营业部,5573807.0,32505414.2,-26931607.2,日跌幅偏离值达到7%的前5只证券,-10.0629
20260903,600721,百花医药,10135341,中信证券股份有限公司上海分公司,中信证券上海分公司,,27014549.0,-27014549.0,有价格涨跌幅限制的日换手率达到20%的前五只证券,-8.2426
20260903,600892,大晟文化,10000399618,高盛(中国)证券有限责任公司上海浦东新区世纪大道证券营业部,高盛(中国)证券上海浦东新区世纪大道证券营业部,22967962.52,50161555.0,-27193592.48,有价格涨跌幅限制的日换手率达到20%的前五只证券,1.8692
20260903,002886,沃特股份,10634757,深股通专用,深股通专用,25516814.0,52872167.15,-27355353.15,日跌幅偏离值达到7%的前5只证券,-9.987
20260903,002328,新朋股份,10000039708,平安证券股份有限公司宁波海晏北路证券营业部,平安证券宁波海晏北路证券营业部,10958.0,27995567.0,-27984609.0,日涨幅偏离值达到7%的前5只证券,10.0218
20260903,300189,神农种业,10048273,平安证券股份有限公司深圳分公司,平安证券深圳分公司,1152165.0,29626560.04,-28474395.04,日换手率达到30%的前5只证券,5.0822
20260903,002104,恒宝股份,10000001610,平安证券股份有限公司绍兴解放大道证券营业部,平安证券绍兴解放大道证券营业部,194014.0,28933117.0,-28739103.0,日换手率达到20%的前5只证券,-3.4049
20260903,002886,沃特股份,10081709,招商证券股份有限公司深圳益田路免税商务大厦证券营业部,招商证券深圳益田路免税商务大厦证券营业部,1012104.0,30172333.0,-29160229.0,日跌幅偏离值达到7%的前5只证券,-9.987
20260903,000892,欢瑞世纪,10000526027,东亚前海证券有限责任公司苏州分公司,东亚前海证券苏州分公司,10160.0,30053452.0,-30043292.0,日换手率达到20%的前5只证券,-2.3077
20260903,002297,博云新材,10046745,开源证券股份有限公司西安西大街证券营业部,开源证券西安西大街证券营业部,43855495.0,75763931.0,-31908436.0,日涨幅偏离值达到7%的前5只证券,10.0
20260903,002297,博云新材,10046745,开源证券股份有限公司西安西大街证券营业部,开源证券西安西大街证券营业部,43855495.0,75763931.0,-31908436.0,日换手率达到20%的前5只证券,10.0
20260903,600127,金健米业,10000213448,国信证券股份有限公司浙江互联网分公司,国信证券浙江互联网分公司,,32858805.59,-32858805.59,有价格涨跌幅限制的日换手率达到20%的前五只证券,2.1774
20260903,600828,茂业商业,10046745,开源证券股份有限公司西安西大街证券营业部,开源证券西安西大街证券营业部,,33015096.0,-33015096.0,有价格涨跌幅限制的日价格振幅达到15%的前五只证券,6.0291
20260903,600892,大晟文化,10206039,华泰证券股份有限公司深圳深南大道证券营业部,华泰证券深圳深南大道证券营业部,,33018672.0,-33018672.0,有价格涨跌幅限制的日换手率达到20%的前五只证券,1.8692
20260903,600722,金牛化工,10000100571,摩根大通证券(中国)有限公司上海银城中路证券营业部,摩根大通证券(中国)上海银城中路证券营业部,,33686158.52,-33686158.52,有价格涨跌幅限制的日收盘价格跌幅偏离值达到7%的前五只证券,-10.0208
20260903,600657,信达地产,10046745,开源证券股份有限公司西安西大街证券营业部,开源证券西安西大街证券营业部,,33944537.06,-33944537.06,有价格涨跌幅限制的日价格振幅达到15%的前五只证券,10.1639
20260903,600657,信达地产,10046745,开源证券股份有限公司西安西大街证券营业部,开源证券西安西大街证券营业部,,33944537.06,-33944537.06,有价格涨跌幅限制的日收盘价格涨幅偏离值达到7%的前五只证券,10.1639
20260903,002201,九鼎新材,10634757,深股通专用,深股通专用,73469822.06,108296282.88,-34826460.82,连续三个交易日内，涨幅偏离值累计达到20%的证券,7.2668
20260903,301086,鸿富瀚,10456942,中信建投证券股份有限公司深圳滨海大道证券营业部,中信建投证券深圳滨海大道证券营业部,358420.0,38078554.2,-37720134.2,日涨幅达到15%的前5只证券,15.1659
20260903,600892,大晟文化,10663838,中银国际证券股份有限公司邯郸滏河北大街证券营业部,中银国际证券邯郸滏河北大街证券营业部,,39904871.0,-39904871.0,有价格涨跌幅限制的日换手率达到20%的前五只证券,1.8692
20260903,000560,我爱我家,10634757,深股通专用,深股通专用,60194217.0,101264833.26,-41070616.26,日跌幅偏离值达到7%的前5只证券,-10.0629
20260903,600172,黄河旋风,10517841,东方证券股份有限公司无锡梁清路证券营业部,东方证券无锡梁清路证券营业部,91029853.01,132551634.0,-41521780.99,有价格涨跌幅限制的日换手率达到20%的前五只证券,7.9322
20260903,002536,飞龙股份,10088113,中国国际金融股份有限公司上海分公司,中国国际金融上海分公司,114117768.02,156432241.67,-42314473.65,连续三个交易日内，涨幅偏离值累计达到20%的证券,8.5414
20260903,600722,金牛化工,10088113,中国国际金融股份有限公司上海分公司,中国国际金融上海分公司,,45300460.82,-45300460.82,有价格涨跌幅限制的日收盘价格跌幅偏离值达到7%的前五只证券,-10.0208
20260903,600721,百花医药,10000170387,国泰海通证券股份有限公司杭州文一西路证券营业部,国泰海通证券杭州文一西路证券营业部,,46209949.88,-46209949.88,有价格涨跌幅限制的日换手率达到20%的前五只证券,-8.2426
20260903,600172,黄河旋风,10678762,东方财富证券股份有限公司拉萨金融城南环路证券营业部,东方财富证券拉萨金融城南环路证券营业部,,47675502.85,-47675502.85,有价格涨跌幅限制的日换手率达到20%的前五只证券,7.9322
20260903,600721,百花医药,10004865,国泰海通证券股份有限公司,国泰海通,,47808968.88,-47808968.88,有价格涨跌幅限制的日换手率达到20%的前五只证券,-8.2426
20260903,003005,竞业达,10028444,广发证券股份有限公司湛江乐金路证券营业部,广发证券湛江乐金路证券营业部,16957.0,48552984.2,-48536027.2,日振幅值达到15%的前5只证券,2.65
20260903,003005,竞业达,10028444,广发证券股份有限公司湛江乐金路证券营业部,广发证券湛江乐金路证券营业部,16957.0,48552984.2,-48536027.2,日换手率达到20%的前5只证券,2.65
20260903,600172,黄河旋风,10281327,东方财富证券股份有限公司山南香曲东路证券营业部,东方财富证券山南香曲东路证券营业部,,50070807.32,-50070807.32,有价格涨跌幅限制的日换手率达到20%的前五只证券,7.9322
20260903,002886,沃特股份,10485107,国新证券股份有限公司北京分公司,国新证券北京分公司,0.0,51635676.0,-51635676.0,日跌幅偏离值达到7%的前5只证券,-9.987
20260903,600172,黄河旋风,10000213448,国信证券股份有限公司浙江互联网分公司,国信证券浙江互联网分公司,,53016175.89,-53016175.89,有价格涨跌幅限制的日换手率达到20%的前五只证券,7.9322
20260903,300189,神农种业,10046745,开源证券股份有限公司西安西大街证券营业部,开源证券西安西大街证券营业部,351965.0,61034076.2,-60682111.2,日换手率达到30%的前5只证券,5.0822
20260903,600722,金牛化工,10000399618,高盛(中国)证券有限责任公司上海浦东新区世纪大道证券营业部,高盛(中国)证券上海浦东新区世纪大道证券营业部,,64437178.4,-64437178.4,有价格涨跌幅限制的日收盘价格跌幅偏离值达到7%的前五只证券,-10.0208
20260903,600721,百花医药,10437429,华泰证券股份有限公司苏州吴中大道证券营业部,华泰证券苏州吴中大道证券营业部,,69271743.44,-69271743.44,有价格涨跌幅限制的日换手率达到20%的前五只证券,-8.2426
20260903,600722,金牛化工,10434470,沪股通专用,沪股通专用,35372673.66,107933507.67,-72560834.01,有价格涨跌幅限制的日收盘价格跌幅偏离值达到7%的前五只证券,-10.0208
20260903,600127,金健米业,10201214,国泰海通证券股份有限公司上海分公司,国泰海通证券上海分公司,33706042.4,113151080.46,-79445038.06,有价格涨跌幅限制的日换手率达到20%的前五只证券,2.1774
20260903,600172,黄河旋风,10448359,中泰证券股份有限公司上海浦东新区江耀路证券营业部,中泰证券上海浦东新区江耀路证券营业部,,90238817.0,-90238817.0,有价格涨跌幅限制的日换手率达到20%的前五只证券,7.9322
20260903,002886,沃特股份,10046745,开源证券股份有限公司西安西大街证券营业部,开源证券西安西大街证券营业部,97716.0,93676327.0,-93578611.0,日跌幅偏离值达到7%的前5只证券,-9.987
